path	role	size_bytes	media_type	sha256	evidence_identity	licence_or_access_route
.github/workflows/ci.yml	release_documentation	1121	application/yaml	14885ae6743e310a271afe82f673d17914ad02805654da102fa395a1049a66e7	release_metadata	PENDING_AUTHOR_CONTENT_LICENSE
.gitignore	release_documentation	424	application/octet-stream	2613bb1ec331a77dc15fe9d52f0fac55f59f3270622f74c363e5944ea585cf85	release_metadata	PENDING_AUTHOR_CONTENT_LICENSE
CITATION.cff	release_documentation	918	application/yaml	6d82a2aeb96fea46cefde8deaa1c69508fc9266f10d8bbc6a34dbd92c662d5e1	release_metadata	PENDING_AUTHOR_CONTENT_LICENSE
CLEAN_ROOM_TEST_REPORT.md	release_documentation	2577	text/markdown	0b7fe7dbca9fcb95af400a2f3636d3bb9d3cb9334880ae66d73953baf0d2ab9c	release_metadata	PENDING_AUTHOR_CONTENT_LICENSE
CODE_LICENSE_STATUS.md	release_documentation	502	text/markdown	e33288f2503910c2e260a636d7698800e72f712d67f1b7e3d5a7ce3e2490d39e	release_metadata	STATUS_OR_TEMPLATE_NOT_A_LICENCE
DATA_ACQUISITION.md	release_documentation	1170	text/markdown	ef590e09b86e2a72945c128d22e0161f7d0e1ab8702d4eea26ed5c244e17f81a	release_metadata	PENDING_AUTHOR_CONTENT_LICENSE
DATA_AND_CODE_AVAILABILITY.md	release_documentation	2180	text/markdown	de280eb61d81a42b36b26ca0bb1f7c08c5419ca0e104dd304a24a8bee60b7115	release_metadata	PENDING_AUTHOR_CONTENT_LICENSE
DATA_DICTIONARY.md	release_documentation	8250	text/markdown	4367db11903134b82f048921218ffdc68416532f1124795609f14386497ac609	release_metadata	PENDING_AUTHOR_CONTENT_LICENSE
DATA_LICENSE.md	release_documentation	549	text/markdown	13330d2533577354fdc204e8485cd9c9a710548e23a46784ce65f677d9cc397a	release_metadata	STATUS_OR_TEMPLATE_NOT_A_LICENCE
EVIDENCE_CONTRACT.json	release_identity_or_contract	34815	application/json	7e5527e34f92793ec9854efca56a690e14833157e87b0f1277ba00e0e58ebacc	release_metadata	PENDING_AUTHOR_CONTENT_LICENSE
FIGURE_CONTRACT.json	release_identity_or_contract	13352	application/json	2674d7c8dd2d9d94f63da5e36e07b152994bff7234fc9d0ed5d5c8ed82c197a6	release_metadata	PENDING_AUTHOR_CONTENT_LICENSE
FIGURE_SOURCE_MAP.tsv	release_identity_or_contract	5355	text/tab-separated-values	003bdf81fb4e31a134ac95b24aea83c978508474092cd2cfec8eabfdcd754940	release_metadata	PENDING_AUTHOR_CONTENT_LICENSE
GITHUB_V2_BUILD_REPORT.md	release_documentation	2584	text/markdown	80f507c03c416fa2cf1b732fdd004d1e7b3d621017215978e7fdf0d3affee1c4	release_metadata	PENDING_AUTHOR_CONTENT_LICENSE
LICENSE	release_documentation	1069	application/octet-stream	8c22d4f5d2131cd54bc87cc218e5098b2108cb246e9a0a9d886e6f1165374af1	release_metadata	MIT_LICENSE_TEXT
RAW_INPUT_CHECKSUMS.tsv	restricted_input_identity_registry	2446	text/tab-separated-values	47fcb5d82c97767a58c42b2f4c11c3779c630373dfae0f83d8608304791ab82b	release_metadata	metadata_only_no_third_party_rows
README.md	release_documentation	4777	text/markdown	7b60c26c3675c4f2ba958d577e803ee33f635ef58eacf81960e00ecfb25c3461	release_metadata	PENDING_AUTHOR_CONTENT_LICENSE
RELEASE_BLOCKERS.md	release_documentation	2258	text/markdown	1c1a9ff6827f35501275d8b0a5473d8acd37cce6a5a1203972ed6b96cb18f004	release_metadata	PENDING_AUTHOR_CONTENT_LICENSE
REPRODUCIBILITY.md	release_documentation	3062	text/markdown	d1217eff0e8b48574d9bfa6505c31edf381b8041e8f8001eaa5dcce8a7303191	release_metadata	PENDING_AUTHOR_CONTENT_LICENSE
SCIENTIFIC_IDENTITY.json	release_identity_or_contract	15477	application/json	a88c76c7e328626f7a76fd3384bcb261e2a7e4659ef79bfda8b755d0bafc48b5	release_metadata	PENDING_AUTHOR_CONTENT_LICENSE
THIRD_PARTY_SOURCES.tsv	third_party_rights_registry	2950	text/tab-separated-values	05ace57a075d512f4bcf741133e4a9a0bb2c3a33b326b777462aee7de44b7bfa	release_metadata	metadata_only_no_third_party_rows
analysis_code/README.md	analysis_code_snapshot	1712	text/markdown	a8088cf186d35f654b4ad58cf86efed6aa72f3eb2f62af0f6882b2f25200f2d4	software_snapshot	MIT
analysis_code/build_computational_extension_source_data_v1.py	analysis_code_snapshot	85309	text/x-python	42b8f31d74cdd69a1d6ca05f84e1546889f6ba45cd4b1440792b5ee3bfc93fdb	software_snapshot	MIT
analysis_code/build_publication_stage12_bundle.py	analysis_code_snapshot	35912	text/x-python	13b1863223a5ba38a6cc0829170c692568e6ca947788c581fe3ded61cba4d30a	software_snapshot	MIT
analysis_code/computational_extension_lineage_v1.py	analysis_code_snapshot	88165	text/x-python	70ee97ed64c0789a81d506253f160c1f33918c6a746fe46ca53033fa51e50d96	software_snapshot	MIT
analysis_code/legacy_ood_reconciliation_v1.py	analysis_code_snapshot	21930	text/x-python	44ea7699db01be6d7d9cbe2bfd000936387d14337a58f08eb4a192cf26af0c01	software_snapshot	MIT
analysis_code/merge_post_hoc_permutation_shards_v3.py	analysis_code_snapshot	15295	text/x-python	95a5dbc4927e53f0a22eba824076026b371261e4f9a8fdfc4afb577f1ff9be43	software_snapshot	MIT
analysis_code/plot_computational_extension_figures_v1.py	analysis_code_snapshot	92596	text/x-python	8ce458d0fa46192007028474afeeb4d28533393e754e7f1000dd0a3a5a610a62	software_snapshot	MIT
analysis_code/plot_post_hoc_internal_learning_curve_v1.py	analysis_code_snapshot	11074	text/x-python	8a01fae3cee3db811f83886357fc619aa64cd7cea12cae28cd6009097b94df54	software_snapshot	MIT
analysis_code/plot_publication_main_figures_v1.py	analysis_code_snapshot	33690	text/x-python	0d3615b09e135a5591bf15a3da78135e7c65433ce9c335cc9be8c94e1286a62b	software_snapshot	MIT
analysis_code/plot_publication_main_figures_v2.py	analysis_code_snapshot	40732	text/x-python	2db77224f69b6abfd07cf1a62e6282d27181d95010064f22668a985761df246b	software_snapshot	MIT
analysis_code/qa_computational_extension_crosscheck_v1.py	analysis_code_snapshot	43307	text/x-python	4ad6b27d6471fd6ac3748624a47b37b4528beebdb79dcb4aad3a52023f830995	software_snapshot	MIT
analysis_code/qa_computational_extension_figures_v1.py	analysis_code_snapshot	31706	text/x-python	eff8189674424e00aa3e9532ca4f082b09c8724851eac03b74458622400e955c	software_snapshot	MIT
analysis_code/qa_confirmatory_cpu_v1.py	analysis_code_snapshot	14706	text/x-python	ff05e7d62c35239fd7e9bd052057aceabed968f81d6d9141030bb9e4ff260777	software_snapshot	MIT
analysis_code/qa_manuscript_evidence_consistency_v1.py	analysis_code_snapshot	37614	text/x-python	25cd16ad7b1d513cf5c2ff1ebe062127b2fb353f9adc82ce7c257dded8c68883	software_snapshot	MIT
analysis_code/qa_post_hoc_applicability_fixed_domain_v3.py	analysis_code_snapshot	11028	text/x-python	7e51d44a9f0b352475b564047ad99c14e8c81583b4f0ed963abbbde6ab839e83	software_snapshot	MIT
analysis_code/qa_post_hoc_graph_model_family_sensitivity_v1.py	analysis_code_snapshot	14418	text/x-python	029956e7a5b19d1ac4e8e68aebc75662073c1333b97917b718622f5a9602cbc0	software_snapshot	MIT
analysis_code/qa_post_hoc_histgradientboosting_model_family_sensitivity_v1.py	analysis_code_snapshot	12660	text/x-python	8b31ae3b47bd189f1320948ebd727f300f7be25db5aa3bf8f869be023e95f6ce	software_snapshot	MIT
analysis_code/qa_post_hoc_internal_learning_curve_v1.py	analysis_code_snapshot	14007	text/x-python	3dfd07d7e53805ce91af71e50cea4974958903ee750171b182b52a2a32419b7f	software_snapshot	MIT
analysis_code/qa_post_hoc_scaffold_source_v3_all_target_identity.py	analysis_code_snapshot	46228	text/x-python	3636760961c858716d0eb087a4be5d8491058da45a61bc1a9821f73fb262b298	software_snapshot	MIT
analysis_code/run_confirmatory_cpu_v1.py	analysis_code_snapshot	90653	text/x-python	ac1a57203b43d74023521b76cfaef28b958a803dbc6d9fb2866e7550f636995c	software_snapshot	MIT
analysis_code/run_confirmatory_ood_cpu_v1.py	analysis_code_snapshot	103199	text/x-python	ad7d95843007eb13596c5e8171d954d37fe1050fe9880eb1c7b64ffc91107757	software_snapshot	MIT
analysis_code/run_confirmatory_ood_posthoc_diagnostics.py	analysis_code_snapshot	60465	text/x-python	2dffec64ab9a4cbcf8763f5cd0ab3c7ac1afac523f888deb84150615cba22aab	software_snapshot	MIT
analysis_code/run_context_et_matched_ablation_cpu_v1.py	analysis_code_snapshot	59422	text/x-python	5a957fb8f27aa5868af2e21e9b1ffd6f590e568cad2bfc5b389d6b5d09eea099	software_snapshot	MIT
analysis_code/run_post_hoc_context_weight_sensitivity_v2.py	analysis_code_snapshot	86844	text/x-python	a007246e01cbfefd68286a506c9031a0d33c643a3f80164b963c99798d86e701	software_snapshot	MIT
analysis_code/run_post_hoc_graph_model_family_sensitivity_v1.py	analysis_code_snapshot	35464	text/x-python	710826c9afa897064e2009a2a38ba74204706fb8d2d8c2adbd06508a17d9644f	software_snapshot	MIT
analysis_code/run_post_hoc_histgradientboosting_model_family_sensitivity_v1.py	analysis_code_snapshot	36217	text/x-python	c73351a6005e34aa2513c77095286d07276fe870e24b60f603dfdaf9399c6224	software_snapshot	MIT
analysis_code/run_post_hoc_internal_learning_curve_v1.py	analysis_code_snapshot	23369	text/x-python	5366a7beca81a9943de3b5a06d094d63c523a9b8548f6d6d8243c1dd66f58643	software_snapshot	MIT
analysis_code/run_post_hoc_null_applicability_censoring_v3.py	analysis_code_snapshot	111956	text/x-python	41b99a803b0e090d1bd55950983441eee0ce8edc8b099f86f56387e2f29f3650	software_snapshot	MIT
analysis_code/run_post_hoc_permutation_shard_v3.py	analysis_code_snapshot	9897	text/x-python	5aa68bfdc69083b5f30fa1eaedb938f2b3af4ceb86d774c294d672373319637e	software_snapshot	MIT
analysis_code/run_post_hoc_scaffold_source_sensitivity_v2.py	analysis_code_snapshot	93061	text/x-python	449d8821ff31e9a5392a227a86ce78fc09c1660f293449a1fbc850a3ee8ffb34	software_snapshot	MIT
analysis_code/run_post_hoc_scaffold_source_sensitivity_v3.py	analysis_code_snapshot	40923	text/x-python	6000af04d0abcc5e3f97adf55c8be8876f9abe1bc0cfc8363d173f30aa979f0a	software_snapshot	MIT
analysis_code/run_post_hoc_strict_domain_scaffold_ood_cpu_v1.py	analysis_code_snapshot	67204	text/x-python	388f1130b6f09268d739dbea22e9cfd69328d91ca41be1a00e21734e42fc8903	software_snapshot	MIT
analysis_code/summarize_computational_extension_results_v1.py	analysis_code_snapshot	22005	text/x-python	71a4fb14ed1eac0138dce9e02e7da97e462a6f543504a8ca41bfec3fe8d42439	software_snapshot	MIT
data/processed/.gitkeep	release_documentation	1	application/octet-stream	01ba4719c80b6fe911b091a7c05124b64eeece964e09c058ef8f9805daca546b	release_metadata	PENDING_AUTHOR_CONTENT_LICENSE
data/raw/.gitkeep	release_documentation	1	application/octet-stream	01ba4719c80b6fe911b091a7c05124b64eeece964e09c058ef8f9805daca546b	release_metadata	PENDING_AUTHOR_CONTENT_LICENSE
data_builder/.github/workflows/ci.yml	owner_source_reconstruction_code_or_metadata	460	application/yaml	764dbc6243afb7b1d3c10c97936c516f0897a5b571af072dbb57b02325d2e395	release_metadata	MIT
data_builder/.gitignore	owner_source_reconstruction_code_or_metadata	224	application/octet-stream	cfd9652360c0c79acc8c067c6b28ea2e892e6b317b6521d5ba36f8b0b3744ce3	release_metadata	MIT
data_builder/CITATION.cff	owner_source_reconstruction_code_or_metadata	551	application/yaml	5b449ba259128beb66eb8ca52f46857635bbcdf3f441ff9e29a398db9b8574ca	release_metadata	MIT
data_builder/README.md	owner_source_reconstruction_code_or_metadata	4591	text/markdown	2ded73cf1a600370467651d8ec3ddd0abf9c612057bbbcbe128336ea9aa6b4fd	release_metadata	MIT
data_builder/config/expected_outputs.json	owner_source_reconstruction_code_or_metadata	1021	application/json	2abd7bc53efc87c17967be4a444dafc6e7c14fcca1990bbc950d5a3e966901dd	release_metadata	MIT
data_builder/config/source_manifest.json	owner_source_reconstruction_code_or_metadata	5649	application/json	877f7c3017ac756d9299f4a9c66e03a5cbd63a63a24133ff8d2a5f209578885f	release_metadata	MIT
data_builder/data/processed/.gitkeep	owner_source_reconstruction_code_or_metadata	1	application/octet-stream	01ba4719c80b6fe911b091a7c05124b64eeece964e09c058ef8f9805daca546b	release_metadata	MIT
data_builder/data/raw/.gitkeep	owner_source_reconstruction_code_or_metadata	1	application/octet-stream	01ba4719c80b6fe911b091a7c05124b64eeece964e09c058ef8f9805daca546b	release_metadata	MIT
data_builder/docs/DATA_DICTIONARY.md	owner_source_reconstruction_code_or_metadata	3003	text/markdown	64ad9736452f1734ce33ba1d91a378c4a92556894225f06e32978a2413242f4d	release_metadata	MIT
data_builder/docs/THIRD_PARTY_DATA.md	owner_source_reconstruction_code_or_metadata	2966	text/markdown	faf7eef16cea851104933dfdeb9a70279415d9fea44511759835331d6b09aa77	release_metadata	MIT
data_builder/pyproject.toml	owner_source_reconstruction_code_or_metadata	753	application/octet-stream	4d3ca32c71e8c2914be7edc5f85e551530ea42b00e559f375c375b9e3855c669	release_metadata	MIT
data_builder/scripts/check_public_release.py	owner_source_reconstruction_code_or_metadata	2021	text/x-python	bbfeb120247b11b7161bf054599f3d3cd2220775d71f9c859ae2344449778614	release_metadata	MIT
data_builder/scripts/reproduce.py	owner_source_reconstruction_code_or_metadata	365	text/x-python	1f21414554a6abb525eabd1b22dfb8d3b027563b143d5592aa0723b789a88ce2	release_metadata	MIT
data_builder/src/molglue_dc50/__init__.py	owner_source_reconstruction_code_or_metadata	97	text/x-python	a9326eafbdd17386bcfb21e9bf36c9b7a6d5026e3dbb0383de344b7d2e98ff2f	release_metadata	MIT
data_builder/src/molglue_dc50/build.py	owner_source_reconstruction_code_or_metadata	28437	text/x-python	6659e7230da6dcd29fa72e1ed277a2ac39da4177d2144d37f93289fd24e611f9	release_metadata	MIT
data_builder/src/molglue_dc50/cli.py	owner_source_reconstruction_code_or_metadata	4473	text/x-python	813285ffc56dfd5ed7cde8383d650a55a6c5f8b1481831519f427d41f26ad5f3	release_metadata	MIT
data_builder/src/molglue_dc50/context.py	owner_source_reconstruction_code_or_metadata	9157	text/x-python	b525299e37c147fad267e8510738c60026ad271bbbb13f6ede49c0d1d852d51f	release_metadata	MIT
data_builder/src/molglue_dc50/io.py	owner_source_reconstruction_code_or_metadata	8091	text/x-python	407cb635d0494b1a7e3d3bd944f21e915be1934a940d9a249e002bf711f0f60c	release_metadata	MIT
data_builder/tests/test_core.py	owner_source_reconstruction_code_or_metadata	1614	text/x-python	693ac6b9fdd98bf13ec03e431fcf6de0dafbea0fe116253618d00522ba68413b	release_metadata	MIT
docs/computational_extension_figure_contract_v1.md	frozen_protocol_or_identity	16400	text/markdown	98140192a53c0fcad1a83cb736fbe8c9b22cad01fb7597223304dd2a78e0d748	protocol_or_frozen_identity	PENDING_AUTHOR_CONTENT_LICENSE
docs/computational_extension_float32_v4_provenance_contract.md	frozen_protocol_or_identity	8136	text/markdown	e45fe57721f9cfd1c8d3773356d71db738c924c7dd2331b0bb7ee3c94086e815	protocol_or_frozen_identity	PENDING_AUTHOR_CONTENT_LICENSE
docs/confirmatory_ood_cpu_v1_frozen_identity.json	frozen_protocol_or_identity	975	application/json	a6c7c8685a67e39719e7c531b88f732872bd9d6cdbb6c8857d48b11289148627	protocol_or_frozen_identity	PENDING_AUTHOR_CONTENT_LICENSE
docs/confirmatory_ood_cpu_v1_legacy_reconciliation_v1.json	frozen_protocol_or_identity	13218	application/json	a74c83bc4d2f92ce319199399af9e986694439aa4511ea7d82f72fdd5d7101d2	protocol_or_frozen_identity	PENDING_AUTHOR_CONTENT_LICENSE
docs/confirmatory_ood_cpu_v1_legacy_reconciliation_v1.md	frozen_protocol_or_identity	2499	text/markdown	65e867a3de363d75ccc1d5baf80db21aa50104e8caf1976a2526373458b8b88f	protocol_or_frozen_identity	PENDING_AUTHOR_CONTENT_LICENSE
docs/confirmatory_ood_cpu_v1_posthoc_protocol.md	frozen_protocol_or_identity	5003	text/markdown	19e72be8af9e077878d59bcf4800529ba043152cafb899d45866a60849d0bd04	protocol_or_frozen_identity	PENDING_AUTHOR_CONTENT_LICENSE
docs/confirmatory_ood_protocol_v1.md	frozen_protocol_or_identity	12695	text/markdown	2aedb38d43818f7edfba42c3ebb75e0e822def9c586aacdc299c4a39fc41822a	protocol_or_frozen_identity	PENDING_AUTHOR_CONTENT_LICENSE
docs/confirmatory_protocol_v1.md	frozen_protocol_or_identity	9732	text/markdown	7429b9a31f66b0ee7b1f75d977a1178615b8778bb3a507e06aa7f320eb11780b	protocol_or_frozen_identity	PENDING_AUTHOR_CONTENT_LICENSE
docs/confirmatory_protocol_v1_public_redacted.md	frozen_protocol_or_identity	10038	text/markdown	c9b70195f254cb82d4067a7836f1fe25482b6922660d5894e17f69684a7de25c	protocol_or_frozen_identity	PENDING_AUTHOR_CONTENT_LICENSE
docs/context_et_matched_ablation_protocol_v1.md	frozen_protocol_or_identity	6973	text/markdown	84b3e40f7705a5c2b39b54ba3932572ef537fc8d68cf324b3418433c1744d63b	protocol_or_frozen_identity	PENDING_AUTHOR_CONTENT_LICENSE
docs/manuscript_v4_extension_integration_contract.md	frozen_protocol_or_identity	7229	text/markdown	eddcc263cc9a72c27f4f0ead5aee4e91f928d432b7d251ed906542be8777a2db	protocol_or_frozen_identity	PENDING_AUTHOR_CONTENT_LICENSE
docs/post_hoc_applicability_fixed_domain_correction_v3.md	frozen_protocol_or_identity	7676	text/markdown	9c2d8f90fa546480a37b6e7546cbd9e9a740916325e5dec973f9fa7f8ef899ce	protocol_or_frozen_identity	PENDING_AUTHOR_CONTENT_LICENSE
docs/post_hoc_computational_extension_master_protocol_v1.identity.json	frozen_protocol_or_identity	773	application/json	a56c8552a415fe9dac8b68064c817b4d2b46c3d17f4b4dea9960fc45b3f76461	protocol_or_frozen_identity	PENDING_AUTHOR_CONTENT_LICENSE
docs/post_hoc_computational_extension_master_protocol_v1.md	frozen_protocol_or_identity	9333	text/markdown	7dee28f45e3ddf8d6299622a8e494c50492b3b2614f39ce8b2fdd2a1be754ff8	protocol_or_frozen_identity	PENDING_AUTHOR_CONTENT_LICENSE
docs/post_hoc_context_weight_sensitivity_protocol_v2.md	frozen_protocol_or_identity	10242	text/markdown	07ab2cc9a85f9fffd55974fe0b0b7a040dbb3dbc8b5cc99ac409a504faf712ad	protocol_or_frozen_identity	PENDING_AUTHOR_CONTENT_LICENSE
docs/post_hoc_float32_response_correction_v2.md	frozen_protocol_or_identity	6487	text/markdown	75a8b0e4f894cead9d72039eab9e6162a89d2a20c79afceda8a2aae1ffd78f3f	protocol_or_frozen_identity	PENDING_AUTHOR_CONTENT_LICENSE
docs/post_hoc_graph_model_family_sensitivity_protocol_v1.md	frozen_protocol_or_identity	5970	text/markdown	926a47cf031658928dec53bb25f32e40cd473ea997debc4ab74a3f5bc6eb2da1	protocol_or_frozen_identity	PENDING_AUTHOR_CONTENT_LICENSE
docs/post_hoc_histgradientboosting_model_family_sensitivity_protocol_v1.md	frozen_protocol_or_identity	4010	text/markdown	2b904742297a4a6b8bbc3a06ed7c925bf4740b2fea4446e79054b0ac38b36321	protocol_or_frozen_identity	PENDING_AUTHOR_CONTENT_LICENSE
docs/post_hoc_internal_learning_curve_protocol_v1.md	frozen_protocol_or_identity	4074	text/markdown	5adbd2a29580eb35c06b9bf0267fb1d86eba06c6f47464867da9e5d191113d37	protocol_or_frozen_identity	PENDING_AUTHOR_CONTENT_LICENSE
docs/post_hoc_null_applicability_censoring_protocol_v3.md	frozen_protocol_or_identity	12700	text/markdown	84178cde0edfc0ff31be3d7e12135351f95a2578b9ac69b61d9a5d517caa0dc5	protocol_or_frozen_identity	PENDING_AUTHOR_CONTENT_LICENSE
docs/post_hoc_null_applicability_censoring_v3_verification.md	frozen_protocol_or_identity	10682	text/markdown	7947d3c3ed5e06354b1b4fb91e4f6ac6a7f68f9dd6b7e40cb4ef8fe4125f84ce	protocol_or_frozen_identity	PENDING_AUTHOR_CONTENT_LICENSE
docs/post_hoc_scaffold_source_sensitivity_protocol_v2.md	frozen_protocol_or_identity	9243	text/markdown	0a33dd187b269d92df3a8c1b7099b28e842205f50b3560b59d890e371713a4af	protocol_or_frozen_identity	PENDING_AUTHOR_CONTENT_LICENSE
docs/post_hoc_scaffold_source_sensitivity_protocol_v3.md	frozen_protocol_or_identity	9753	text/markdown	5e67fe833b3b5d3f87d38ac3b28b6b7ac2600aebb2756676e031aed7bd2aab83	protocol_or_frozen_identity	PENDING_AUTHOR_CONTENT_LICENSE
docs/post_hoc_scaffold_source_thread_execution_correction_v3.md	frozen_protocol_or_identity	5195	text/markdown	733b56540fb3917c6c2e3189b7c4d8c4bc33118a5f1fd2db3f132e46e3210456	protocol_or_frozen_identity	PENDING_AUTHOR_CONTENT_LICENSE
docs/post_hoc_strict_domain_scaffold_ood_cpu_v1_frozen_identity.json	frozen_protocol_or_identity	10932	application/json	5bb913e80b78a67106041424700f210b65d8a55869614a38f1c8f662b4f13b6d	protocol_or_frozen_identity	PENDING_AUTHOR_CONTENT_LICENSE
docs/post_hoc_strict_domain_scaffold_ood_protocol_v1.md	frozen_protocol_or_identity	8393	text/markdown	157eb6a4d2105f47c154d4fe67abc0333f07c6bb43c198dddaeff269225227c3	protocol_or_frozen_identity	PENDING_AUTHOR_CONTENT_LICENSE
environment-lock-linux-64.json	environment_specification	1338	application/json	22f47a9ddd03100373c0ec4fe1b1545181314cabbd7dd4bf5270ebf4958147dd	release_metadata	PENDING_AUTHOR_CONTENT_LICENSE
environment.yml	environment_specification	248	application/yaml	d290a0169ed962e747747270c32c38b1fa88db8a909b9b1c3b0c38e97930d7f1	release_metadata	PENDING_AUTHOR_CONTENT_LICENSE
evidence/reproducibility_deviation_log_v1.md	scientific_audit	5234	text/markdown	6de5953863aea0752603fe0d2a9bf8e7cb1e760d44e885e1aef1b85b20ceca9d	reproducibility_audit	PENDING_AUTHOR_CONTENT_LICENSE
evidence/source_data/computational_extension_crosscheck_v1.json	aggregate_manuscript_source_data	18248	application/json	4a549e2290c55925b62fcdca787facc079d588584aa0f5b99276bcfaaf8c4b41	independent_post_hoc_extension_audit	PENDING_AUTHOR_CONTENT_LICENSE
evidence/source_data/computational_extension_crosscheck_v1.md	aggregate_manuscript_source_data	7639	text/markdown	aa5ad866912298f1b5e31c41f2bc10bb184ae4533c8ecae7e7260bd2f7901863	independent_post_hoc_extension_audit	PENDING_AUTHOR_CONTENT_LICENSE
evidence/source_data/computational_extension_results_v1.json	aggregate_manuscript_source_data	55856	application/json	188f23ace005d3121ee2f8f6adc7ff964fa16c2d360b67ca3f79b2ad07c4b302	post_hoc_computational_extension_summary	PENDING_AUTHOR_CONTENT_LICENSE
evidence/source_data/computational_extension_results_v1.md	aggregate_manuscript_source_data	14744	text/markdown	a3e2f8671951bb284dc5a53e4756a4079c7e7009f61f3b985c549b7481e4c9b8	post_hoc_computational_extension_summary	PENDING_AUTHOR_CONTENT_LICENSE
evidence/source_data/data_missingness.csv	aggregate_manuscript_source_data	1184	text/csv	a0b5c6a0fc373923bda3c02fe2e49349f9497a1fa20b6531ea31d64cb4c54d57	QC_descriptive	PENDING_AUTHOR_CONTENT_LICENSE
evidence/source_data/post_hoc_graph_model_family_sensitivity_v1_independent_qa.json	aggregate_manuscript_source_data	2861	application/json	b2ef174b4834eb1ddc1ec0ada16c50553119c9fe78b1b241c372757c74123724	release_metadata	PENDING_AUTHOR_CONTENT_LICENSE
evidence/source_data/post_hoc_internal_learning_curve_v1_independent_qa.json	aggregate_manuscript_source_data	2929	application/json	7cc193fc5fbb7b76d43e044e52d49ac4d26be5cecaace576bf7161834d73d4f3	release_metadata	PENDING_AUTHOR_CONTENT_LICENSE
evidence/source_data/provenance_by_assay_method.csv	aggregate_manuscript_source_data	1951	text/csv	7a3b582252a4edcd2700247a5f362c184a09c95cae4af1e30ca9a5e63e31b673	QC_descriptive	PENDING_AUTHOR_CONTENT_LICENSE
evidence/source_data/provenance_by_cell_line.csv	aggregate_manuscript_source_data	5790	text/csv	7b2fdb43f8bcefe64cf9680c7ca36f195e35a504a5b773299b967c57e9aed1a6	QC_descriptive	PENDING_AUTHOR_CONTENT_LICENSE
evidence/source_data/provenance_by_recruiting_protein.csv	aggregate_manuscript_source_data	1851	text/csv	e6478aff9a363a839e50958d8ad54c80ac695e59e412e4749e016ca45cfb273e	QC_descriptive	PENDING_AUTHOR_CONTENT_LICENSE
evidence/source_data/provenance_by_source.csv	aggregate_manuscript_source_data	1139	text/csv	5b7cf78b731e03271dca7b1282943ecca105373e8d0b43bd873c7accada61bf6	QC_descriptive	PENDING_AUTHOR_CONTENT_LICENSE
evidence/source_data/provenance_by_target.csv	aggregate_manuscript_source_data	6861	text/csv	8bb8e854921e1494ced0c51ab00996b1353fd623182dc536267577ace280e96b	QC_descriptive	PENDING_AUTHOR_CONTENT_LICENSE
evidence/source_data/source_data_calibration.csv	aggregate_manuscript_source_data	11628	text/csv	d56759c89bcd3c4fd3aa59685bf90874679a9fe99737dd50e03df0e59c6993af	post_hoc_exploratory	PENDING_AUTHOR_CONTENT_LICENSE
evidence/source_data/source_data_confirmatory_ood.csv	aggregate_manuscript_source_data	13321	text/csv	b67ff7c43b03d8aebfa6b656aa9b1a5a87d9b2a588b4e8afd56c3b38168f0012	confirmatory	PENDING_AUTHOR_CONTENT_LICENSE
evidence/source_data/source_data_extension_applicability_contrasts.csv	aggregate_manuscript_source_data	29943	text/csv	2fb23399e7b7892d9086a54fac9cddb8b285df70b8bed235b4f79bb47a44acf4	post_hoc_computational_extension	PENDING_AUTHOR_CONTENT_LICENSE
evidence/source_data/source_data_extension_applicability_domains.csv	aggregate_manuscript_source_data	28085	text/csv	71607a1249d74be6e765ec0e962f341b23cfc022462356530228b4fffd30ef3d	post_hoc_computational_extension	PENDING_AUTHOR_CONTENT_LICENSE
evidence/source_data/source_data_extension_applicability_models.csv	aggregate_manuscript_source_data	10258	text/csv	d6c39160f589096c5d3276396df1400d9e790f1f712afdcc7ce5c82dd1b8015b	post_hoc_computational_extension	PENDING_AUTHOR_CONTENT_LICENSE
evidence/source_data/source_data_extension_censoring_by_source.csv	aggregate_manuscript_source_data	1223	text/csv	ac408b420467a893d3acb2801cd6e49f39ab3df5f80ddc96c0aef10f6c4a6ab9	post_hoc_computational_extension	PENDING_AUTHOR_CONTENT_LICENSE
evidence/source_data/source_data_extension_censoring_by_target.csv	aggregate_manuscript_source_data	18334	text/csv	5d5c7fdc4a79906a281ab9e817c59affdd4cb24e08b291f32186b0b9c120c882	post_hoc_computational_extension	PENDING_AUTHOR_CONTENT_LICENSE
evidence/source_data/source_data_extension_censoring_operator_counts.csv	aggregate_manuscript_source_data	554	text/csv	38e48e76b991f13f06f7b11b0209b2a7369dcccfdf9eae49c7400b0e8db12bd8	post_hoc_computational_extension	PENDING_AUTHOR_CONTENT_LICENSE
evidence/source_data/source_data_extension_censoring_overall.csv	aggregate_manuscript_source_data	362	text/csv	160df7b7d301a5a2ba6231199803b236f7383b47016fcf8c78ce3948c12631a1	post_hoc_computational_extension	PENDING_AUTHOR_CONTENT_LICENSE
evidence/source_data/source_data_extension_censoring_overlap.csv	aggregate_manuscript_source_data	1145	text/csv	0f90141022a1a844461a54942d7fa7c50e8aec41ec85152a282c38026df730a7	post_hoc_computational_extension	PENDING_AUTHOR_CONTENT_LICENSE
evidence/source_data/source_data_extension_censoring_selection_flow.csv	aggregate_manuscript_source_data	937	text/csv	ee5a4eeac09f42265c0ea12afbf31a6a00a0106549a86a6b655f662e7ed8fc1f	post_hoc_computational_extension	PENDING_AUTHOR_CONTENT_LICENSE
evidence/source_data/source_data_extension_censoring_source_selection.csv	aggregate_manuscript_source_data	801	text/csv	36ce83efe277134cbf5736a29641e9cad874aee5e893b5ca74b2d7648645db48	post_hoc_computational_extension	PENDING_AUTHOR_CONTENT_LICENSE
evidence/source_data/source_data_extension_generic_scaffold.csv	aggregate_manuscript_source_data	1389	text/csv	27fb1a34eb5204c8dbd805659e3651b4c327f005be984ab12fcc6a6321552ee0	post_hoc_computational_extension	PENDING_AUTHOR_CONTENT_LICENSE
evidence/source_data/source_data_extension_generic_scaffold_groups.csv	aggregate_manuscript_source_data	352	text/csv	43c44fb4070c21b2948020854b9fe90de9eea20f8a6343e9f392c6ef6f78e80b	post_hoc_computational_extension	PENDING_AUTHOR_CONTENT_LICENSE
evidence/source_data/source_data_extension_index.csv	aggregate_manuscript_source_data	10260	text/csv	8cd3acaf120fe09bc1b92b894d6e8b365f3af550b1f165ccad31b459324bc3f4	post_hoc_computational_extension	PENDING_AUTHOR_CONTENT_LICENSE
evidence/source_data/source_data_extension_permutation_contrasts.csv	aggregate_manuscript_source_data	11866	text/csv	b9efaf5891a83d9dbc6d0bc9493f8beed0be64539d6ba8f8e121b15305ba2cf7	post_hoc_computational_extension	PENDING_AUTHOR_CONTENT_LICENSE
evidence/source_data/source_data_extension_permutation_diagnostics.csv	aggregate_manuscript_source_data	304547	text/csv	772bbc153c9958f0329e066019f1dafe4242260f3dae5995242e9595aecf8314	post_hoc_computational_extension	PENDING_AUTHOR_CONTENT_LICENSE
evidence/source_data/source_data_extension_permutation_inference.csv	aggregate_manuscript_source_data	1906	text/csv	dbba673662f0526a8c422969113cc2f5694f64000d58a7148ff840fe856dcf33	post_hoc_computational_extension	PENDING_AUTHOR_CONTENT_LICENSE
evidence/source_data/source_data_extension_permutation_models.csv	aggregate_manuscript_source_data	24088	text/csv	13cbf015779dd5ad050dc7d3f5f6c5a62d069eca723fcf89bfffb4fee9920fb4	post_hoc_computational_extension	PENDING_AUTHOR_CONTENT_LICENSE
evidence/source_data/source_data_extension_portable_context.csv	aggregate_manuscript_source_data	7688	text/csv	5fc723bd9b400a77d58248f798357dc8b5108303e59c2fcd1c786c3caf9fa36f	post_hoc_computational_extension	PENDING_AUTHOR_CONTENT_LICENSE
evidence/source_data/source_data_extension_provenance_v4.json	aggregate_manuscript_source_data	7803	application/json	b67e1f3581d536bca09650a3afeafa09a6dfba2c2f969809041a539528039bc5	post_hoc_computational_extension	PENDING_AUTHOR_CONTENT_LICENSE
evidence/source_data/source_data_extension_sha256.csv	aggregate_manuscript_source_data	2595	text/csv	103276a4b71ab80d6db41447faf955a749b2a8f69f0099b55de5328ecd5e71b4	post_hoc_computational_extension	PENDING_AUTHOR_CONTENT_LICENSE
evidence/source_data/source_data_extension_source_deletion.csv	aggregate_manuscript_source_data	75465	text/csv	a7681ef2f32b823592d7b5e4d7dbb44b9c0837ff22d6d21cb6f61d561f32c9bb	post_hoc_computational_extension	PENDING_AUTHOR_CONTENT_LICENSE
evidence/source_data/source_data_extension_weighting_bootstrap.csv	aggregate_manuscript_source_data	6504	text/csv	11fa0329ceebaf95cf2d33eb8e8995da7a223aad93e59c02e9b551d5482a100c	post_hoc_computational_extension	PENDING_AUTHOR_CONTENT_LICENSE
evidence/source_data/source_data_extension_weighting_diagnostics.csv	aggregate_manuscript_source_data	27493	text/csv	2555c5f349c356da860b8a3848b85ec171ab9a13b131835fbc6beea1393fdc85	post_hoc_computational_extension	PENDING_AUTHOR_CONTENT_LICENSE
evidence/source_data/source_data_graph_model_family_sensitivity.csv	aggregate_manuscript_source_data	5484	text/csv	663f24c77f97e08ebcf2d8e029ac2cacaa041ba4c5550eb89034c3518cef6cbb	release_metadata	PENDING_AUTHOR_CONTENT_LICENSE
evidence/source_data/source_data_hgb_model_family_sensitivity.csv	aggregate_manuscript_source_data	5711	text/csv	be9a2c210247e9508ca08992cbeb987b68ba21007111085601b3af1ea6dd590f	post_hoc_model_family_sensitivity	PENDING_AUTHOR_CONTENT_LICENSE
evidence/source_data/source_data_internal_contrasts.csv	aggregate_manuscript_source_data	2977	text/csv	3ef753c8badd437bb14c487e60c8736fffb75da66dd10fc5cc65ee6826efc0d5	confirmatory_and_formal_matched_extension	PENDING_AUTHOR_CONTENT_LICENSE
evidence/source_data/source_data_internal_learning_curve.csv	aggregate_manuscript_source_data	2692	text/csv	6a860653bf8f1f2b3d021e7acde4d5de1119846ce1b6cb6432eff7cf040d3118	release_metadata	PENDING_AUTHOR_CONTENT_LICENSE
evidence/source_data/source_data_internal_learning_curve_contrasts.csv	aggregate_manuscript_source_data	1769	text/csv	896be47220c1ff8ecbb44f8a79cb074381f032300c719773b5e0da0449a2fb8c	release_metadata	PENDING_AUTHOR_CONTENT_LICENSE
evidence/source_data/source_data_internal_models.csv	aggregate_manuscript_source_data	2054	text/csv	af5490f178847a6daae8f268a1b59330ca6765eb372dd6aadd1ea9f2aae7071c	confirmatory	PENDING_AUTHOR_CONTENT_LICENSE
evidence/source_data/source_data_lodo.csv	aggregate_manuscript_source_data	18512	text/csv	6aa30bc7761479d8d061d52b9317662c9cd63d892dc7d159c74424e9bee88d45	post_hoc_exploratory	PENDING_AUTHOR_CONTENT_LICENSE
evidence/source_data/source_data_ood_domains.csv	aggregate_manuscript_source_data	22896	text/csv	dddd7fd29dd356c693909335db0884e719669fdad53908d837688432e3a5ec4d	confirmatory_estimates_exploratory_domain_interpretation	PENDING_AUTHOR_CONTENT_LICENSE
evidence/source_data/source_data_repeat_summary.csv	aggregate_manuscript_source_data	187	text/csv	4dd0c1b7c000ddc2d9055e41b155f12dcfbcc2df3d42ff815ecfbd87812d83e0	release_metadata	PENDING_AUTHOR_CONTENT_LICENSE
evidence/source_data/source_data_strict_ood.csv	aggregate_manuscript_source_data	6269	text/csv	0a832dd1507ef0a3e5c1364e38223d1204cc038b9fb13e132e0bf3510322233d	post_hoc_sensitivity	PENDING_AUTHOR_CONTENT_LICENSE
evidence/source_data/table_main_internal.csv	aggregate_manuscript_source_data	750	text/csv	94b6c9043fccc4a25e4f429d6617fdaf682e245177da8f71d190044221ae57a7	mixed_as_identified_by_source_row	PENDING_AUTHOR_CONTENT_LICENSE
evidence/source_data/table_main_ood.csv	aggregate_manuscript_source_data	2488	text/csv	24233f3bcd498b8471087f90f12da639a0d25e66fed819808cd081e5dc19adfc	mixed_as_identified_by_source_row	PENDING_AUTHOR_CONTENT_LICENSE
evidence/statistical_audit_v1.md	scientific_audit	10498	text/markdown	1fcb806906c41e1cc57760b6a2c2b3629339c7cf9e45c411ad21971b646a7d13	statistical_audit	PENDING_AUTHOR_CONTENT_LICENSE
figures/README.md	publication_figure_or_figure_documentation	938	text/markdown	1d7a6ed35dea666848074c64b24ec899712fce6907fa4d95337dd4e6503e284d	mixed_as_mapped_in_FIGURE_SOURCE_MAP	PENDING_AUTHOR_CONTENT_LICENSE
figures/computational_extension_figure_provenance.json	publication_figure_or_figure_documentation	14673	application/json	d183b29eef8dd4d7cc56c7702b2b7f97ea2ec1cc1eb5d74654c8e6f80628f3be	mixed_as_mapped_in_FIGURE_SOURCE_MAP	PENDING_AUTHOR_CONTENT_LICENSE
figures/computational_extension_figure_qa_summary.json	publication_figure_or_figure_documentation	59825	application/json	fe996b3e1a065a09f9f39bf10e2957d8ed152d16c24eb02b422cc3871ddeeb14	mixed_as_mapped_in_FIGURE_SOURCE_MAP	PENDING_AUTHOR_CONTENT_LICENSE
figures/fig1_validation_gradient.pdf	publication_figure_or_figure_documentation	30006	application/pdf	62dbf3d52c82cff9faec1eb6032168b3880bf8f4180f50a749bab77cbfb8ea43	mixed_as_mapped_in_FIGURE_SOURCE_MAP	PENDING_AUTHOR_CONTENT_LICENSE
figures/fig1_validation_gradient.png	publication_figure_or_figure_documentation	289393	image/png	039b79929f47e7a2654aa1e8ba732ad63cfbfd187e061ca1583e97de1d02b80d	mixed_as_mapped_in_FIGURE_SOURCE_MAP	PENDING_AUTHOR_CONTENT_LICENSE
figures/fig1_validation_gradient.svg	publication_figure_or_figure_documentation	53022	image/svg+xml	f20b4c85893fb030aff789a0013292934ae5f7b7d508a053edf0a754768347b2	mixed_as_mapped_in_FIGURE_SOURCE_MAP	PENDING_AUTHOR_CONTENT_LICENSE
figures/fig1_validation_gradient.tiff	publication_figure_or_figure_documentation	837152	image/tiff	76f0e7e2d64b4fbf7450667b8c3eb0487e53642b081d0e6202f4843b12e91c3a	mixed_as_mapped_in_FIGURE_SOURCE_MAP	PENDING_AUTHOR_CONTENT_LICENSE
figures/fig2_internal_evidence.pdf	publication_figure_or_figure_documentation	23413	application/pdf	191afe7832c4501bacc29d212200e536afe2d99950d48309878fbf4d708ec656	mixed_as_mapped_in_FIGURE_SOURCE_MAP	PENDING_AUTHOR_CONTENT_LICENSE
figures/fig2_internal_evidence.png	publication_figure_or_figure_documentation	125234	image/png	b11620eef99a54eb3b23e15325d772b0ce75f608e1e5dd45ee7ae12b9cb6bd5f	mixed_as_mapped_in_FIGURE_SOURCE_MAP	PENDING_AUTHOR_CONTENT_LICENSE
figures/fig2_internal_evidence.svg	publication_figure_or_figure_documentation	38945	image/svg+xml	b1586eada7f55a853ba80891fa621e8b304dbc0388fbfb4999290697f29bd673	mixed_as_mapped_in_FIGURE_SOURCE_MAP	PENDING_AUTHOR_CONTENT_LICENSE
figures/fig2_internal_evidence.tiff	publication_figure_or_figure_documentation	465734	image/tiff	3c7e6d109d05ac33c9b71180533cb9fe180e8bd4d5a6e158e78e94216d63d92d	mixed_as_mapped_in_FIGURE_SOURCE_MAP	PENDING_AUTHOR_CONTENT_LICENSE
figures/fig3_domain_transfer.pdf	publication_figure_or_figure_documentation	24190	application/pdf	2d66a6aa04f088547c8264a2e1b81dbba4d80c0b6cb453861c1d0a505b9fb749	mixed_as_mapped_in_FIGURE_SOURCE_MAP	PENDING_AUTHOR_CONTENT_LICENSE
figures/fig3_domain_transfer.png	publication_figure_or_figure_documentation	220249	image/png	d0c598a4a6b5468c66161b01037197ac30cdac54f39425195eb0845a74b43f05	mixed_as_mapped_in_FIGURE_SOURCE_MAP	PENDING_AUTHOR_CONTENT_LICENSE
figures/fig3_domain_transfer.svg	publication_figure_or_figure_documentation	50694	image/svg+xml	59ac287f4435ad6333cc426e06a60210a132c52d4eb57a0d92388d7290c5a2f9	mixed_as_mapped_in_FIGURE_SOURCE_MAP	PENDING_AUTHOR_CONTENT_LICENSE
figures/fig3_domain_transfer.tiff	publication_figure_or_figure_documentation	583656	image/tiff	c22a738aa68f38c6ee6cde9da706f45b3f9283f53fa768ffc8e0418a814d818c	mixed_as_mapped_in_FIGURE_SOURCE_MAP	PENDING_AUTHOR_CONTENT_LICENSE
figures/fig4_boundary_and_calibration.pdf	publication_figure_or_figure_documentation	28811	application/pdf	db68102d59c10f52194aaa3a1f1f8339c5b32cac9e609e99afff7733fa75c01d	mixed_as_mapped_in_FIGURE_SOURCE_MAP	PENDING_AUTHOR_CONTENT_LICENSE
figures/fig4_boundary_and_calibration.png	publication_figure_or_figure_documentation	291545	image/png	193f817c89a9f658cd2073019a68b628f9a31bbce5d6db398b0e983678053326	mixed_as_mapped_in_FIGURE_SOURCE_MAP	PENDING_AUTHOR_CONTENT_LICENSE
figures/fig4_boundary_and_calibration.svg	publication_figure_or_figure_documentation	47868	image/svg+xml	52c59f136b88f9952cdaf2583dcd608ef56bc7100dc1db36bc95f47926f0cd39	mixed_as_mapped_in_FIGURE_SOURCE_MAP	PENDING_AUTHOR_CONTENT_LICENSE
figures/fig4_boundary_and_calibration.tiff	publication_figure_or_figure_documentation	774904	image/tiff	176d7826a8898467c696805e888c7eda9dc2149aa29b145c297b529848c48de1	mixed_as_mapped_in_FIGURE_SOURCE_MAP	PENDING_AUTHOR_CONTENT_LICENSE
figures/fig5_robustness_map.pdf	publication_figure_or_figure_documentation	42220	application/pdf	363c778256cbcd83dfcc11d7e555e12c2bc1609a4f82b03c76a572472d40824f	mixed_as_mapped_in_FIGURE_SOURCE_MAP	PENDING_AUTHOR_CONTENT_LICENSE
figures/fig5_robustness_map.png	publication_figure_or_figure_documentation	253488	image/png	8df0b3b111dbab5e754bccae5b68509db3a88de03efac38b0692235b3216a1e5	mixed_as_mapped_in_FIGURE_SOURCE_MAP	PENDING_AUTHOR_CONTENT_LICENSE
figures/fig5_robustness_map.svg	publication_figure_or_figure_documentation	48916	image/svg+xml	446316c75aa2fd38ced528cb33d8651b2c62d5de5159d7ffd53ed3ae13765ce3	mixed_as_mapped_in_FIGURE_SOURCE_MAP	PENDING_AUTHOR_CONTENT_LICENSE
figures/fig5_robustness_map.tiff	publication_figure_or_figure_documentation	923912	image/tiff	1e82af8ca5e910506970c95cbcee58f178586a20fe48df37f67911ad3b32b176	mixed_as_mapped_in_FIGURE_SOURCE_MAP	PENDING_AUTHOR_CONTENT_LICENSE
figures/figure_bundle_manifest.csv	publication_figure_or_figure_documentation	12546	text/csv	7dde399e16512768de8d6088603aa3d039ea1268580de6b152017360eb765d44	mixed_as_mapped_in_FIGURE_SOURCE_MAP	PENDING_AUTHOR_CONTENT_LICENSE
figures/figure_legends.md	publication_figure_or_figure_documentation	6754	text/markdown	1365e7516d1ee1768fd9669003aafa94379f6cc79be3ae443f9054fd1df97cd1	mixed_as_mapped_in_FIGURE_SOURCE_MAP	PENDING_AUTHOR_CONTENT_LICENSE
figures/figure_qa_notes.md	publication_figure_or_figure_documentation	2921	text/markdown	a0f1097c1c87c85017282547219a988aa53502423c618c0d16bb2e8f454f14ca	mixed_as_mapped_in_FIGURE_SOURCE_MAP	PENDING_AUTHOR_CONTENT_LICENSE
figures/supp_fig_s1_applicability_profile.pdf	publication_figure_or_figure_documentation	43238	application/pdf	607ff74db22c0a3f50eb37171cf55da319b0144522c0ea0f39f22aae7837d55d	mixed_as_mapped_in_FIGURE_SOURCE_MAP	PENDING_AUTHOR_CONTENT_LICENSE
figures/supp_fig_s1_applicability_profile.png	publication_figure_or_figure_documentation	342774	image/png	edbaba192fc94116217348b4fa0c31849a12e48345df0efb58398daaf3a807ac	mixed_as_mapped_in_FIGURE_SOURCE_MAP	PENDING_AUTHOR_CONTENT_LICENSE
figures/supp_fig_s1_applicability_profile.svg	publication_figure_or_figure_documentation	84315	image/svg+xml	27b63c8f07edea04d33f0616e844536e774bc7db13a3b276c32fcb666071d87f	mixed_as_mapped_in_FIGURE_SOURCE_MAP	PENDING_AUTHOR_CONTENT_LICENSE
figures/supp_fig_s1_applicability_profile.tiff	publication_figure_or_figure_documentation	1130292	image/tiff	ff403a4701adc2b4dcb2716af217da63f06a50ac9c54131bc1c8907fdb32b5b8	mixed_as_mapped_in_FIGURE_SOURCE_MAP	PENDING_AUTHOR_CONTENT_LICENSE
figures/supp_fig_s2_permutation_controls.pdf	publication_figure_or_figure_documentation	44224	application/pdf	b76f005dc872c575b9881bb1093b5246bdbead189036efc1f4bb467d141a3857	mixed_as_mapped_in_FIGURE_SOURCE_MAP	PENDING_AUTHOR_CONTENT_LICENSE
figures/supp_fig_s2_permutation_controls.png	publication_figure_or_figure_documentation	220469	image/png	82d4ab949412fe14b8ae3c320bb94ddb4d7e042534de1aac3c5d7fb195205c50	mixed_as_mapped_in_FIGURE_SOURCE_MAP	PENDING_AUTHOR_CONTENT_LICENSE
figures/supp_fig_s2_permutation_controls.svg	publication_figure_or_figure_documentation	133711	image/svg+xml	50197e621d288a7c3dd3946acb5015e49de32812cba9219aa934000ca20bb6bd	mixed_as_mapped_in_FIGURE_SOURCE_MAP	PENDING_AUTHOR_CONTENT_LICENSE
figures/supp_fig_s2_permutation_controls.tiff	publication_figure_or_figure_documentation	1255550	image/tiff	bc718a58b5e0f06e2678a6cd4863edeb161eb329666403b2158faf8ac385cae5	mixed_as_mapped_in_FIGURE_SOURCE_MAP	PENDING_AUTHOR_CONTENT_LICENSE
figures/supp_fig_s3_endpoint_selection_boundary.pdf	publication_figure_or_figure_documentation	55443	application/pdf	a610803f6967c4e6788c2fd1ec63f46cf2d9753784dd72d34129deaece9e40f7	mixed_as_mapped_in_FIGURE_SOURCE_MAP	PENDING_AUTHOR_CONTENT_LICENSE
figures/supp_fig_s3_endpoint_selection_boundary.png	publication_figure_or_figure_documentation	303944	image/png	35d219bc687852879f1f809ee01e7261638441568446383db5e593915c2dbc3f	mixed_as_mapped_in_FIGURE_SOURCE_MAP	PENDING_AUTHOR_CONTENT_LICENSE
figures/supp_fig_s3_endpoint_selection_boundary.svg	publication_figure_or_figure_documentation	173030	image/svg+xml	f235e86c3f85d524d2b35de8381fff7a8a5310ba0d131b6ec940baf7e1a25052	mixed_as_mapped_in_FIGURE_SOURCE_MAP	PENDING_AUTHOR_CONTENT_LICENSE
figures/supp_fig_s3_endpoint_selection_boundary.tiff	publication_figure_or_figure_documentation	1078594	image/tiff	91189c4eb9f4ceb42e5ac3dd6dfe8ad445b57c2844563b1e49055380c7ccfb09	mixed_as_mapped_in_FIGURE_SOURCE_MAP	PENDING_AUTHOR_CONTENT_LICENSE
reference/cpu_artifact_ledgers/confirmatory_cpu_v1.csv	frozen_cpu_artifact_identity_ledger	2185	text/csv	4d723ec6e75a9ea574635b77fdf5a239b6a72505bf8485d0c34c81ac09ecb70e	release_metadata	PENDING_AUTHOR_CONTENT_LICENSE
reference/cpu_artifact_ledgers/confirmatory_ood_cpu_v1.csv	frozen_cpu_artifact_identity_ledger	1536	text/csv	795a384024a6811758b0bb00ca70f15213c006ecd2445c1e8caa6a9251bff750	release_metadata	PENDING_AUTHOR_CONTENT_LICENSE
reference/cpu_artifact_ledgers/confirmatory_ood_cpu_v1_posthoc.csv	frozen_cpu_artifact_identity_ledger	826	text/csv	82833de27cb49303bf58ea3aa750ab415f1a756c64146b3d1fe338680c51abc1	release_metadata	PENDING_AUTHOR_CONTENT_LICENSE
reference/cpu_artifact_ledgers/context_et_matched_ablation_cpu_v1.csv	frozen_cpu_artifact_identity_ledger	2811	text/csv	d59b555d6eab0c10f1611e5ce981a5edbb19555e908be4468f99424e721ca2f9	release_metadata	PENDING_AUTHOR_CONTENT_LICENSE
reference/cpu_artifact_ledgers/post_hoc_context_weight_sensitivity_v2.csv	frozen_cpu_artifact_identity_ledger	3113	text/csv	6554790882c515632480dfbc6a560ff3d93235111da1990f2a847b4e05ca42d8	release_metadata	PENDING_AUTHOR_CONTENT_LICENSE
reference/cpu_artifact_ledgers/post_hoc_histgradientboosting_model_family_sensitivity_v1.csv	frozen_cpu_artifact_identity_ledger	1072	text/csv	891bc0d78bbc5d605bb57e181dc25005609ad8522ab0d3ba2b9f0d82e6053afe	release_metadata	PENDING_AUTHOR_CONTENT_LICENSE
reference/cpu_artifact_ledgers/post_hoc_internal_learning_curve_v1.csv	frozen_cpu_artifact_identity_ledger	980	text/csv	69d1eddfefd0f4364d4e363d5bd0530835f0fd5371877c26e5c19a5ef7cc6d5e	release_metadata	PENDING_AUTHOR_CONTENT_LICENSE
reference/cpu_artifact_ledgers/post_hoc_null_applicability_censoring_v3.csv	frozen_cpu_artifact_identity_ledger	2868	text/csv	0f51b938d00730eb2b6f3596f180b63a5ab89c2c0f0d216ea584503ec1768e2d	release_metadata	PENDING_AUTHOR_CONTENT_LICENSE
reference/cpu_artifact_ledgers/post_hoc_scaffold_source_sensitivity_v3.csv	frozen_cpu_artifact_identity_ledger	3101	text/csv	55f38a3ba956f2a7979e1bc42ad7149896d3ac1b6b83218192f89cda24fb9cc7	release_metadata	PENDING_AUTHOR_CONTENT_LICENSE
reference/cpu_artifact_ledgers/post_hoc_strict_domain_scaffold_ood_cpu_v1.csv	frozen_cpu_artifact_identity_ledger	1502	text/csv	ec1fa81336c2312a3d9a0be79790645195a8a4cbe1f695be57fb692418b8fd21	release_metadata	PENDING_AUTHOR_CONTENT_LICENSE
requirements-lock.txt	environment_specification	528	text/plain	4cf065eac78aa203b602eef30ed68c895be91df5179c5a8cfad28cab6e350ad4	release_metadata	PENDING_AUTHOR_CONTENT_LICENSE
scripts/build_release_manifest_v2.py	portable_release_tool	10212	text/x-python	abac9f194efb4b35c3ff4b2be4539c4cf4a614a085547d60c78e51d47d412c75	release_QA	MIT
scripts/check_public_release_v2.py	portable_release_tool	3132	text/x-python	0242d7d552cfd6c3a4f48606a0e31f8cf6206bdf45b8538257ae983e9e6d5ff0	release_QA	MIT
scripts/reproduce_release_v2.py	portable_release_tool	17507	text/x-python	a032540f960af54e3a2b3a6301be490a774030742a6cb1dbdbbbd45c527ca9a3	release_QA	MIT
scripts/verify_cpu_results_v2.py	portable_release_tool	3728	text/x-python	c960e4b36f7d567dc7264d465954178f50f9da4f054bd00b9db8440252734f14	release_QA	MIT
tests_snapshot/README.md	historical_test_snapshot	437	text/markdown	5e129eff4c1dca61e2a6d7d62824d2a3f2f9661ee24241c2938c932792e21937	software_test_snapshot	MIT
tests_snapshot/test_confirmatory_cpu_v1.py	historical_test_snapshot	5455	text/x-python	d4a8e609f1ff82010b6b1eb441f3f3aa520cd19ea778fae8908a4729620b4869	software_test_snapshot	MIT
tests_snapshot/test_post_hoc_strict_domain_scaffold_ood_cpu_v1.py	historical_test_snapshot	9433	text/x-python	8c9183477a9479363e5ca26ef5e4e5fb68cf51bc34588ed0cb29ab11221741c8	software_test_snapshot	MIT
