analysis_identity,record_type,contrast_type,deletion_source,model_id,heldout_target,metric,observed,bootstrap_mean,ci_low,ci_high,n_valid,n_bootstrap,cluster_unit,n_global_scaffold_clusters,positive_direction
post_hoc_extension_float32_v4,model_equal_domain_macro,,none,chemistry_extra_trees,,spearman,0.1175179761203821,0.1193335353945249,0.0217445726529634,0.2180027742740975,10000,10000,global Bemis-Murcko scaffold cluster across fixed targets,601,higher is better
post_hoc_extension_float32_v4,model_equal_domain_macro,,none,chemistry_extra_trees,,rmse,0.8786250732025195,0.8731799155013863,0.8198358511209796,0.9226878774190308,10000,10000,global Bemis-Murcko scaffold cluster across fixed targets,601,lower is better
post_hoc_extension_float32_v4,model_equal_domain_macro,,none,full_context_extra_trees,,spearman,0.0516817057724172,0.0525709870356374,-0.046277498392719,0.1544822702095621,10000,10000,global Bemis-Murcko scaffold cluster across fixed targets,601,higher is better
post_hoc_extension_float32_v4,model_equal_domain_macro,,none,full_context_extra_trees,,rmse,0.8862004940771482,0.8804303552926416,0.8277776984046568,0.9288380367003164,10000,10000,global Bemis-Murcko scaffold cluster across fixed targets,601,lower is better
post_hoc_extension_float32_v4,model_equal_domain_macro,,MGTbind,chemistry_extra_trees,,spearman,0.0512014493840961,0.0514858020972849,-0.0529701917840465,0.1563453350452069,10000,10000,global Bemis-Murcko scaffold cluster across fixed targets,601,higher is better
post_hoc_extension_float32_v4,model_equal_domain_macro,,MGTbind,chemistry_extra_trees,,rmse,0.900289222677765,0.8950723350868218,0.8396092697588753,0.946879666348916,10000,10000,global Bemis-Murcko scaffold cluster across fixed targets,601,lower is better
post_hoc_extension_float32_v4,model_equal_domain_macro,,MGTbind,full_context_extra_trees,,spearman,0.0178210655366458,0.0209340144363455,-0.0784304777073316,0.1190023970595813,10000,10000,global Bemis-Murcko scaffold cluster across fixed targets,601,higher is better
post_hoc_extension_float32_v4,model_equal_domain_macro,,MGTbind,full_context_extra_trees,,rmse,0.886897917904885,0.8815349781287998,0.8280740063455261,0.9304526362710368,10000,10000,global Bemis-Murcko scaffold cluster across fixed targets,601,lower is better
post_hoc_extension_float32_v4,model_equal_domain_macro,,MGDB,chemistry_extra_trees,,spearman,0.0431211689361986,0.0440548502375124,-0.0656088156551209,0.1614921218630488,10000,10000,global Bemis-Murcko scaffold cluster across fixed targets,601,higher is better
post_hoc_extension_float32_v4,model_equal_domain_macro,,MGDB,chemistry_extra_trees,,rmse,0.8991688390940169,0.8929149841198285,0.8390845462975264,0.9407014338328584,10000,10000,global Bemis-Murcko scaffold cluster across fixed targets,601,lower is better
post_hoc_extension_float32_v4,model_equal_domain_macro,,MGDB,full_context_extra_trees,,spearman,0.0115252576900128,0.0167231375237161,-0.0918375433951639,0.134353763420903,10000,10000,global Bemis-Murcko scaffold cluster across fixed targets,601,higher is better
post_hoc_extension_float32_v4,model_equal_domain_macro,,MGDB,full_context_extra_trees,,rmse,0.9012603236378532,0.8949850681496737,0.8413275281978843,0.9428139978772592,10000,10000,global Bemis-Murcko scaffold cluster across fixed targets,601,lower is better
post_hoc_extension_float32_v4,model_equal_domain_macro,,MolGlueDB,chemistry_extra_trees,,spearman,0.1854954934900146,0.1715861630830848,0.0823519400553893,0.255410158617791,10000,10000,global Bemis-Murcko scaffold cluster across fixed targets,601,higher is better
post_hoc_extension_float32_v4,model_equal_domain_macro,,MolGlueDB,chemistry_extra_trees,,rmse,0.8698519892113028,0.8669642396217104,0.8192992474401273,0.9142955611081772,10000,10000,global Bemis-Murcko scaffold cluster across fixed targets,601,lower is better
post_hoc_extension_float32_v4,model_equal_domain_macro,,MolGlueDB,full_context_extra_trees,,spearman,0.0966026371481614,0.0844664355940088,-0.0048240879515884,0.1675772348492345,10000,10000,global Bemis-Murcko scaffold cluster across fixed targets,601,higher is better
post_hoc_extension_float32_v4,model_equal_domain_macro,,MolGlueDB,full_context_extra_trees,,rmse,0.8673391921062626,0.8640306109845144,0.8169224238437232,0.9088562649987534,10000,10000,global Bemis-Murcko scaffold cluster across fixed targets,601,lower is better
post_hoc_extension_float32_v4,model_equal_domain_macro,,TPDdb,chemistry_extra_trees,,spearman,0.1191480600330053,0.1204998720989792,0.0216957820480753,0.2223548754653938,10000,10000,global Bemis-Murcko scaffold cluster across fixed targets,601,higher is better
post_hoc_extension_float32_v4,model_equal_domain_macro,,TPDdb,chemistry_extra_trees,,rmse,0.8898071102097501,0.8841236886064017,0.8301098843197244,0.9343001111293758,10000,10000,global Bemis-Murcko scaffold cluster across fixed targets,601,lower is better
post_hoc_extension_float32_v4,model_equal_domain_macro,,TPDdb,full_context_extra_trees,,spearman,0.0674940637096696,0.0714651494210586,-0.0352758977602503,0.1830044687730971,10000,10000,global Bemis-Murcko scaffold cluster across fixed targets,601,higher is better
post_hoc_extension_float32_v4,model_equal_domain_macro,,TPDdb,full_context_extra_trees,,rmse,0.8770789642307426,0.8716659771507311,0.8186585985005284,0.9200010829251576,10000,10000,global Bemis-Murcko scaffold cluster across fixed targets,601,lower is better
post_hoc_extension_float32_v4,full_vs_chemistry,full_vs_chemistry,none,,,delta_spearman,-0.0658362703479648,-0.0667625483588875,-0.1307241726504589,-0.0059699525719373,10000,10000,global Bemis-Murcko scaffold cluster across fixed targets,601,positive favors full-context
post_hoc_extension_float32_v4,full_vs_chemistry_domain,full_vs_chemistry,none,,VAV1,delta_spearman,0.0168919085710322,0.0173091346620496,-0.0162826996295442,0.055093145911374,10000,10000,global Bemis-Murcko scaffold cluster across fixed targets,601,positive favors full-context
post_hoc_extension_float32_v4,full_vs_chemistry_domain,full_vs_chemistry,none,,CSNK1A1,delta_spearman,-0.0149837195159959,-0.0116920754264989,-0.0581507099920252,0.043965633787091,10000,10000,global Bemis-Murcko scaffold cluster across fixed targets,601,positive favors full-context
post_hoc_extension_float32_v4,full_vs_chemistry_domain,full_vs_chemistry,none,,GSPT1,delta_spearman,-0.400835792080756,-0.387907965145399,-0.5324445457585373,-0.2438902499434158,10000,10000,global Bemis-Murcko scaffold cluster across fixed targets,601,positive favors full-context
post_hoc_extension_float32_v4,full_vs_chemistry_domain,full_vs_chemistry,none,,WIZ,delta_spearman,0.1643596618045389,0.1368840921000849,-0.2449371185365077,0.4865112644230678,10000,10000,global Bemis-Murcko scaffold cluster across fixed targets,601,positive favors full-context
post_hoc_extension_float32_v4,full_vs_chemistry_domain,full_vs_chemistry,none,,CDK2,delta_spearman,-0.1894498171066074,-0.1897556407100658,-0.3176334365531464,-0.0645000389415871,10000,10000,global Bemis-Murcko scaffold cluster across fixed targets,601,positive favors full-context
post_hoc_extension_float32_v4,full_vs_chemistry_domain,full_vs_chemistry,none,,CCNK+CDK12,delta_spearman,0.0309182192847183,0.0294048706884459,-0.0847549657808764,0.1317589380102232,10000,10000,global Bemis-Murcko scaffold cluster across fixed targets,601,positive favors full-context
post_hoc_extension_float32_v4,full_vs_chemistry_domain,full_vs_chemistry,none,,IKZF2,delta_spearman,-0.1057234938357584,-0.1030677352827774,-0.3613566096715765,0.1463619779981949,10000,10000,global Bemis-Murcko scaffold cluster across fixed targets,601,positive favors full-context
post_hoc_extension_float32_v4,full_vs_chemistry_domain,full_vs_chemistry,none,,IKZF1,delta_spearman,-0.0278671299048902,-0.0252750677569393,-0.0916111463430824,0.032484294564039,10000,10000,global Bemis-Murcko scaffold cluster across fixed targets,601,positive favors full-context
post_hoc_extension_float32_v4,full_vs_chemistry,full_vs_chemistry,none,,,delta_rmse,-0.0075754208746287,-0.0072504397912553,-0.0174561213177085,0.0027408468926109,10000,10000,global Bemis-Murcko scaffold cluster across fixed targets,601,positive favors full-context
post_hoc_extension_float32_v4,full_vs_chemistry_domain,full_vs_chemistry,none,,VAV1,delta_rmse,-0.0021463615984971,-0.0014676509454681,-0.0126546980802176,0.011254731569552,10000,10000,global Bemis-Murcko scaffold cluster across fixed targets,601,positive favors full-context
post_hoc_extension_float32_v4,full_vs_chemistry_domain,full_vs_chemistry,none,,CSNK1A1,delta_rmse,-0.0188911539051233,-0.018357508962994,-0.0315761934596818,-0.0024476960008224,10000,10000,global Bemis-Murcko scaffold cluster across fixed targets,601,positive favors full-context
post_hoc_extension_float32_v4,full_vs_chemistry_domain,full_vs_chemistry,none,,GSPT1,delta_rmse,-0.0539893449535393,-0.053802731486066,-0.0726566703792746,-0.0329257348907444,10000,10000,global Bemis-Murcko scaffold cluster across fixed targets,601,positive favors full-context
post_hoc_extension_float32_v4,full_vs_chemistry_domain,full_vs_chemistry,none,,WIZ,delta_rmse,0.0568887799099244,0.0565859915867576,-0.0009183679986008,0.1098680920757659,10000,10000,global Bemis-Murcko scaffold cluster across fixed targets,601,positive favors full-context
post_hoc_extension_float32_v4,full_vs_chemistry_domain,full_vs_chemistry,none,,CDK2,delta_rmse,-0.0229946558110991,-0.0232410628182909,-0.0349974393533744,-0.0116294053084476,10000,10000,global Bemis-Murcko scaffold cluster across fixed targets,601,positive favors full-context
post_hoc_extension_float32_v4,full_vs_chemistry_domain,full_vs_chemistry,none,,CCNK+CDK12,delta_rmse,-0.0188353454797783,-0.018058240951452,-0.0357945536497327,-2.363975822279375e-06,10000,10000,global Bemis-Murcko scaffold cluster across fixed targets,601,positive favors full-context
post_hoc_extension_float32_v4,full_vs_chemistry_domain,full_vs_chemistry,none,,IKZF2,delta_rmse,-0.0290742439126217,-0.0302156802133002,-0.057789083482164,-0.008840659285888,10000,10000,global Bemis-Murcko scaffold cluster across fixed targets,601,positive favors full-context
post_hoc_extension_float32_v4,full_vs_chemistry_domain,full_vs_chemistry,none,,IKZF1,delta_rmse,0.0284389587537047,0.0305533654607712,-0.0159866163347425,0.0789952653554682,10000,10000,global Bemis-Murcko scaffold cluster across fixed targets,601,positive favors full-context
post_hoc_extension_float32_v4,full_vs_chemistry,full_vs_chemistry,MGTbind,,,delta_spearman,-0.0333803838474503,-0.0305517876609394,-0.0880802058170673,0.0269798245727918,10000,10000,global Bemis-Murcko scaffold cluster across fixed targets,601,positive favors full-context
post_hoc_extension_float32_v4,full_vs_chemistry_domain,full_vs_chemistry,MGTbind,,VAV1,delta_spearman,0.0301303493465621,0.028402644282908,-0.0261690692559714,0.0910049294697719,10000,10000,global Bemis-Murcko scaffold cluster across fixed targets,601,positive favors full-context
post_hoc_extension_float32_v4,full_vs_chemistry_domain,full_vs_chemistry,MGTbind,,CSNK1A1,delta_spearman,-0.1415166946928488,-0.1363756769751423,-0.2508547817020597,-0.0327601767620592,10000,10000,global Bemis-Murcko scaffold cluster across fixed targets,601,positive favors full-context
post_hoc_extension_float32_v4,full_vs_chemistry_domain,full_vs_chemistry,MGTbind,,GSPT1,delta_spearman,-0.1019865095440971,-0.1017611816605591,-0.2599395857984423,0.0623969480698147,10000,10000,global Bemis-Murcko scaffold cluster across fixed targets,601,positive favors full-context
post_hoc_extension_float32_v4,full_vs_chemistry_domain,full_vs_chemistry,MGTbind,,WIZ,delta_spearman,-0.0881600567424283,-0.0868412187199965,-0.4480926377190264,0.2711635141034421,10000,10000,global Bemis-Murcko scaffold cluster across fixed targets,601,positive favors full-context
post_hoc_extension_float32_v4,full_vs_chemistry_domain,full_vs_chemistry,MGTbind,,CDK2,delta_spearman,0.0895180154967816,0.0889874064666647,-0.0105544326534515,0.1976155014936245,10000,10000,global Bemis-Murcko scaffold cluster across fixed targets,601,positive favors full-context
post_hoc_extension_float32_v4,full_vs_chemistry_domain,full_vs_chemistry,MGTbind,,CCNK+CDK12,delta_spearman,0.0175670345748768,0.0237929232781919,-0.0941941431039768,0.1583715045259895,10000,10000,global Bemis-Murcko scaffold cluster across fixed targets,601,positive favors full-context
post_hoc_extension_float32_v4,full_vs_chemistry_domain,full_vs_chemistry,MGTbind,,IKZF2,delta_spearman,-0.0571852363698525,-0.0493526415478675,-0.1733470192499811,0.0635941807128185,10000,10000,global Bemis-Murcko scaffold cluster across fixed targets,601,positive favors full-context
post_hoc_extension_float32_v4,full_vs_chemistry_domain,full_vs_chemistry,MGTbind,,IKZF1,delta_spearman,-0.0154099728485965,-0.0112665564117143,-0.1126381015569515,0.0732261983171626,10000,10000,global Bemis-Murcko scaffold cluster across fixed targets,601,positive favors full-context
post_hoc_extension_float32_v4,full_vs_chemistry,full_vs_chemistry,MGTbind,,,delta_rmse,0.01339130477288,0.0135373569580221,0.001331868364548,0.0252465291609555,10000,10000,global Bemis-Murcko scaffold cluster across fixed targets,601,positive favors full-context
post_hoc_extension_float32_v4,full_vs_chemistry_domain,full_vs_chemistry,MGTbind,,VAV1,delta_rmse,0.0115536913929172,0.0125346276051987,-0.007248221543006,0.0346192435434791,10000,10000,global Bemis-Murcko scaffold cluster across fixed targets,601,positive favors full-context
post_hoc_extension_float32_v4,full_vs_chemistry_domain,full_vs_chemistry,MGTbind,,CSNK1A1,delta_rmse,-0.0105411978830747,-0.0103963704058381,-0.0279368358125024,0.0074944507677235,10000,10000,global Bemis-Murcko scaffold cluster across fixed targets,601,positive favors full-context
post_hoc_extension_float32_v4,full_vs_chemistry_domain,full_vs_chemistry,MGTbind,,GSPT1,delta_rmse,-0.0204621286066191,-0.0211634243407563,-0.0734149948793747,0.0335661945156943,10000,10000,global Bemis-Murcko scaffold cluster across fixed targets,601,positive favors full-context
post_hoc_extension_float32_v4,full_vs_chemistry_domain,full_vs_chemistry,MGTbind,,WIZ,delta_rmse,0.0854795426352169,0.085295503743754,0.0384490286345954,0.1326948955347577,10000,10000,global Bemis-Murcko scaffold cluster across fixed targets,601,positive favors full-context
post_hoc_extension_float32_v4,full_vs_chemistry_domain,full_vs_chemistry,MGTbind,,CDK2,delta_rmse,-0.0039741905035295,-0.0037684373187934,-0.015906970118124,0.0093712331961519,10000,10000,global Bemis-Murcko scaffold cluster across fixed targets,601,positive favors full-context
post_hoc_extension_float32_v4,full_vs_chemistry_domain,full_vs_chemistry,MGTbind,,CCNK+CDK12,delta_rmse,-0.0249939141694713,-0.024881275337322,-0.0507793444154814,0.0043643469682626,10000,10000,global Bemis-Murcko scaffold cluster across fixed targets,601,positive favors full-context
post_hoc_extension_float32_v4,full_vs_chemistry_domain,full_vs_chemistry,MGTbind,,IKZF2,delta_rmse,0.0051325324453024,0.0046838438278458,-0.0112383975990454,0.0191716815104059,10000,10000,global Bemis-Murcko scaffold cluster across fixed targets,601,positive favors full-context
post_hoc_extension_float32_v4,full_vs_chemistry_domain,full_vs_chemistry,MGTbind,,IKZF1,delta_rmse,0.0649361028722986,0.0659943878900887,0.0005743076724592,0.136641522036726,10000,10000,global Bemis-Murcko scaffold cluster across fixed targets,601,positive favors full-context
post_hoc_extension_float32_v4,full_vs_chemistry,full_vs_chemistry,MGDB,,,delta_spearman,-0.0315959112461858,-0.0273317127137962,-0.069189624241915,0.0139161682232159,10000,10000,global Bemis-Murcko scaffold cluster across fixed targets,601,positive favors full-context
post_hoc_extension_float32_v4,full_vs_chemistry_domain,full_vs_chemistry,MGDB,,VAV1,delta_spearman,-0.140515475552808,-0.1428693770813071,-0.2220377415336688,-0.0732877362291045,10000,10000,global Bemis-Murcko scaffold cluster across fixed targets,601,positive favors full-context
post_hoc_extension_float32_v4,full_vs_chemistry_domain,full_vs_chemistry,MGDB,,CSNK1A1,delta_spearman,-0.0194620888006736,-0.0197989283692677,-0.0645114323615724,0.0360286497738668,10000,10000,global Bemis-Murcko scaffold cluster across fixed targets,601,positive favors full-context
post_hoc_extension_float32_v4,full_vs_chemistry_domain,full_vs_chemistry,MGDB,,GSPT1,delta_spearman,-0.1872019544169968,-0.1750909638386333,-0.4098461402161517,0.0475221227551568,10000,10000,global Bemis-Murcko scaffold cluster across fixed targets,601,positive favors full-context
post_hoc_extension_float32_v4,full_vs_chemistry_domain,full_vs_chemistry,MGDB,,WIZ,delta_spearman,0.0349641327099761,0.0467378217568052,-0.0267247735743924,0.1408650349716111,10000,10000,global Bemis-Murcko scaffold cluster across fixed targets,601,positive favors full-context
post_hoc_extension_float32_v4,full_vs_chemistry_domain,full_vs_chemistry,MGDB,,CDK2,delta_spearman,0.0752504790134218,0.0744228079377624,-0.0138531110092082,0.1656700748161502,10000,10000,global Bemis-Murcko scaffold cluster across fixed targets,601,positive favors full-context
post_hoc_extension_float32_v4,full_vs_chemistry_domain,full_vs_chemistry,MGDB,,CCNK+CDK12,delta_spearman,0.0575387836798865,0.0574286729659566,-0.0896080380585181,0.2248317143221112,10000,10000,global Bemis-Murcko scaffold cluster across fixed targets,601,positive favors full-context
post_hoc_extension_float32_v4,full_vs_chemistry_domain,full_vs_chemistry,MGDB,,IKZF2,delta_spearman,-0.0087717061126285,-0.0046315571997011,-0.0734646493095522,0.0640004029384185,10000,10000,global Bemis-Murcko scaffold cluster across fixed targets,601,positive favors full-context
post_hoc_extension_float32_v4,full_vs_chemistry_domain,full_vs_chemistry,MGDB,,IKZF1,delta_spearman,-0.0645694604896642,-0.0548521778819852,-0.1566623046090932,0.0247042343316962,10000,10000,global Bemis-Murcko scaffold cluster across fixed targets,601,positive favors full-context
post_hoc_extension_float32_v4,full_vs_chemistry,full_vs_chemistry,MGDB,,,delta_rmse,-0.0020914845438363,-0.0020700840298451,-0.0080483355310221,0.0039320581311211,10000,10000,global Bemis-Murcko scaffold cluster across fixed targets,601,positive favors full-context
post_hoc_extension_float32_v4,full_vs_chemistry_domain,full_vs_chemistry,MGDB,,VAV1,delta_rmse,-0.015568805330536,-0.0154997538865592,-0.0223273433938393,-0.007296342175402,10000,10000,global Bemis-Murcko scaffold cluster across fixed targets,601,positive favors full-context
post_hoc_extension_float32_v4,full_vs_chemistry_domain,full_vs_chemistry,MGDB,,CSNK1A1,delta_rmse,-0.0192492314456615,-0.0189666792262354,-0.0342748291401066,-0.0015530226644866,10000,10000,global Bemis-Murcko scaffold cluster across fixed targets,601,positive favors full-context
post_hoc_extension_float32_v4,full_vs_chemistry_domain,full_vs_chemistry,MGDB,,GSPT1,delta_rmse,-0.0183912845077969,-0.0178480685404411,-0.031443700384325,-0.0014724904577035,10000,10000,global Bemis-Murcko scaffold cluster across fixed targets,601,positive favors full-context
post_hoc_extension_float32_v4,full_vs_chemistry_domain,full_vs_chemistry,MGDB,,WIZ,delta_rmse,-0.0106789464384765,-0.0108211584590178,-0.0268397012532726,0.001846040396529,10000,10000,global Bemis-Murcko scaffold cluster across fixed targets,601,positive favors full-context
post_hoc_extension_float32_v4,full_vs_chemistry_domain,full_vs_chemistry,MGDB,,CDK2,delta_rmse,0.011048005492964,0.0110812147945182,3.236151538091673e-05,0.0230087412761077,10000,10000,global Bemis-Murcko scaffold cluster across fixed targets,601,positive favors full-context
post_hoc_extension_float32_v4,full_vs_chemistry_domain,full_vs_chemistry,MGDB,,CCNK+CDK12,delta_rmse,0.0209741540838681,0.0202130524766534,0.0019802741719704,0.0354188458460452,10000,10000,global Bemis-Murcko scaffold cluster across fixed targets,601,positive favors full-context
post_hoc_extension_float32_v4,full_vs_chemistry_domain,full_vs_chemistry,MGDB,,IKZF2,delta_rmse,-0.016559214239289,-0.0165270433588736,-0.0284677918662193,-0.0038030815318094,10000,10000,global Bemis-Murcko scaffold cluster across fixed targets,601,positive favors full-context
post_hoc_extension_float32_v4,full_vs_chemistry_domain,full_vs_chemistry,MGDB,,IKZF1,delta_rmse,0.031693446034237,0.0318077639611943,0.0036209093823693,0.0639638126942163,10000,10000,global Bemis-Murcko scaffold cluster across fixed targets,601,positive favors full-context
post_hoc_extension_float32_v4,full_vs_chemistry,full_vs_chemistry,MolGlueDB,,,delta_spearman,-0.0888928563418532,-0.087119727489076,-0.1390046384777414,-0.0331091107950564,10000,10000,global Bemis-Murcko scaffold cluster across fixed targets,601,positive favors full-context
post_hoc_extension_float32_v4,full_vs_chemistry_domain,full_vs_chemistry,MolGlueDB,,VAV1,delta_spearman,0.0207922067667146,0.0189699177038787,-0.0432654436204387,0.0913097271143778,10000,10000,global Bemis-Murcko scaffold cluster across fixed targets,601,positive favors full-context
post_hoc_extension_float32_v4,full_vs_chemistry_domain,full_vs_chemistry,MolGlueDB,,CSNK1A1,delta_spearman,-0.0151410708582254,-0.0200480119242487,-0.0870642292190147,0.0502521077346769,10000,10000,global Bemis-Murcko scaffold cluster across fixed targets,601,positive favors full-context
post_hoc_extension_float32_v4,full_vs_chemistry_domain,full_vs_chemistry,MolGlueDB,,GSPT1,delta_spearman,-0.4717219186125525,-0.4524551770071071,-0.6808663556036725,-0.205387616350019,10000,10000,global Bemis-Murcko scaffold cluster across fixed targets,601,positive favors full-context
post_hoc_extension_float32_v4,full_vs_chemistry_domain,full_vs_chemistry,MolGlueDB,,WIZ,delta_spearman,-0.1102682876103471,-0.1119629218046829,-0.2789851454985593,0.0568502323916337,10000,10000,global Bemis-Murcko scaffold cluster across fixed targets,601,positive favors full-context
post_hoc_extension_float32_v4,full_vs_chemistry_domain,full_vs_chemistry,MolGlueDB,,CDK2,delta_spearman,-0.0014367915068082,-0.002760793809517,-0.0825766091349809,0.0768938658550152,10000,10000,global Bemis-Murcko scaffold cluster across fixed targets,601,positive favors full-context
post_hoc_extension_float32_v4,full_vs_chemistry_domain,full_vs_chemistry,MolGlueDB,,CCNK+CDK12,delta_spearman,-0.0649056231899539,-0.0657669881214006,-0.1833184788311701,0.040873596371272,10000,10000,global Bemis-Murcko scaffold cluster across fixed targets,601,positive favors full-context
post_hoc_extension_float32_v4,full_vs_chemistry_domain,full_vs_chemistry,MolGlueDB,,IKZF2,delta_spearman,-0.0022049957428161,-0.0003252384572563,-0.179063090509235,0.1791066190593837,10000,10000,global Bemis-Murcko scaffold cluster across fixed targets,601,positive favors full-context
post_hoc_extension_float32_v4,full_vs_chemistry_domain,full_vs_chemistry,MolGlueDB,,IKZF1,delta_spearman,-0.0662563699808371,-0.0626086064922742,-0.1865455239355309,0.0320015374259306,10000,10000,global Bemis-Murcko scaffold cluster across fixed targets,601,positive favors full-context
post_hoc_extension_float32_v4,full_vs_chemistry,full_vs_chemistry,MolGlueDB,,,delta_rmse,0.00251279710504,0.0029336286371961,-0.0123345027138038,0.0181166926657002,10000,10000,global Bemis-Murcko scaffold cluster across fixed targets,601,positive favors full-context
post_hoc_extension_float32_v4,full_vs_chemistry_domain,full_vs_chemistry,MolGlueDB,,VAV1,delta_rmse,0.008446280421045,0.0095059711760621,-0.0140185717688397,0.0361769608996978,10000,10000,global Bemis-Murcko scaffold cluster across fixed targets,601,positive favors full-context
post_hoc_extension_float32_v4,full_vs_chemistry_domain,full_vs_chemistry,MolGlueDB,,CSNK1A1,delta_rmse,0.0117649889879678,0.0113197018687585,-0.0080062241363174,0.029934851316683,10000,10000,global Bemis-Murcko scaffold cluster across fixed targets,601,positive favors full-context
post_hoc_extension_float32_v4,full_vs_chemistry_domain,full_vs_chemistry,MolGlueDB,,GSPT1,delta_rmse,-0.0526816289447376,-0.0528135044163855,-0.0773214638583606,-0.0288164793002768,10000,10000,global Bemis-Murcko scaffold cluster across fixed targets,601,positive favors full-context
post_hoc_extension_float32_v4,full_vs_chemistry_domain,full_vs_chemistry,MolGlueDB,,WIZ,delta_rmse,-0.0002464172484679,-0.0012071062252017,-0.0209137033921339,0.0197410663979082,10000,10000,global Bemis-Murcko scaffold cluster across fixed targets,601,positive favors full-context
post_hoc_extension_float32_v4,full_vs_chemistry_domain,full_vs_chemistry,MolGlueDB,,CDK2,delta_rmse,-0.0009834088859052,-0.0010435973087034,-0.0074647753179632,0.0055053815833969,10000,10000,global Bemis-Murcko scaffold cluster across fixed targets,601,positive favors full-context
post_hoc_extension_float32_v4,full_vs_chemistry_domain,full_vs_chemistry,MolGlueDB,,CCNK+CDK12,delta_rmse,-0.0240840791571098,-0.0241048915679578,-0.0391997332502255,-0.0083872991388116,10000,10000,global Bemis-Murcko scaffold cluster across fixed targets,601,positive favors full-context
post_hoc_extension_float32_v4,full_vs_chemistry_domain,full_vs_chemistry,MolGlueDB,,IKZF2,delta_rmse,0.027420586405199,0.0301172459110539,-0.0394591707622148,0.1205568000068155,10000,10000,global Bemis-Murcko scaffold cluster across fixed targets,601,positive favors full-context
post_hoc_extension_float32_v4,full_vs_chemistry_domain,full_vs_chemistry,MolGlueDB,,IKZF1,delta_rmse,0.0504660552623295,0.0516952096599431,-0.0727943545503761,0.1660762549022734,10000,10000,global Bemis-Murcko scaffold cluster across fixed targets,601,positive favors full-context
post_hoc_extension_float32_v4,full_vs_chemistry,full_vs_chemistry,TPDdb,,,delta_spearman,-0.0516539963233356,-0.0490347226779205,-0.0949944949455349,-0.0006960255116486,10000,10000,global Bemis-Murcko scaffold cluster across fixed targets,601,positive favors full-context
post_hoc_extension_float32_v4,full_vs_chemistry_domain,full_vs_chemistry,TPDdb,,VAV1,delta_spearman,-0.0097881893415039,-0.0111850049967756,-0.050856489755443,0.0311102295548882,10000,10000,global Bemis-Murcko scaffold cluster across fixed targets,601,positive favors full-context
post_hoc_extension_float32_v4,full_vs_chemistry_domain,full_vs_chemistry,TPDdb,,CSNK1A1,delta_spearman,-0.0315697213436877,-0.0303606776316272,-0.0853095562673235,0.0239670083987366,10000,10000,global Bemis-Murcko scaffold cluster across fixed targets,601,positive favors full-context
post_hoc_extension_float32_v4,full_vs_chemistry_domain,full_vs_chemistry,TPDdb,,GSPT1,delta_spearman,-0.2356718647364921,-0.2269190933795694,-0.4041124526652706,-0.0403252876576574,10000,10000,global Bemis-Murcko scaffold cluster across fixed targets,601,positive favors full-context
post_hoc_extension_float32_v4,full_vs_chemistry_domain,full_vs_chemistry,TPDdb,,WIZ,delta_spearman,0.0527845210617054,0.0586340420952232,-0.0959483489621491,0.193509500493974,10000,10000,global Bemis-Murcko scaffold cluster across fixed targets,601,positive favors full-context
post_hoc_extension_float32_v4,full_vs_chemistry_domain,full_vs_chemistry,TPDdb,,CDK2,delta_spearman,-0.161513003954757,-0.161613125267613,-0.3104977282104051,-0.0049180056858531,10000,10000,global Bemis-Murcko scaffold cluster across fixed targets,601,positive favors full-context
post_hoc_extension_float32_v4,full_vs_chemistry_domain,full_vs_chemistry,TPDdb,,CCNK+CDK12,delta_spearman,-0.0439823862060253,-0.0304936995453214,-0.1800814024314761,0.140191097256718,10000,10000,global Bemis-Murcko scaffold cluster across fixed targets,601,positive favors full-context
post_hoc_extension_float32_v4,full_vs_chemistry_domain,full_vs_chemistry,TPDdb,,IKZF2,delta_spearman,0.0709751812782119,0.0635094030284655,-0.0906886172218138,0.2516074492504906,10000,10000,global Bemis-Murcko scaffold cluster across fixed targets,601,positive favors full-context
post_hoc_extension_float32_v4,full_vs_chemistry_domain,full_vs_chemistry,TPDdb,,IKZF1,delta_spearman,-0.0544665073441364,-0.0538496257261464,-0.1093955896035856,-0.0124224509653344,10000,10000,global Bemis-Murcko scaffold cluster across fixed targets,601,positive favors full-context
post_hoc_extension_float32_v4,full_vs_chemistry,full_vs_chemistry,TPDdb,,,delta_rmse,0.0127281459790074,0.0124577114556705,0.0015532922930752,0.0243318274090192,10000,10000,global Bemis-Murcko scaffold cluster across fixed targets,601,positive favors full-context
post_hoc_extension_float32_v4,full_vs_chemistry_domain,full_vs_chemistry,TPDdb,,VAV1,delta_rmse,-0.002561165620178,-0.0017821469650725,-0.0158963003893039,0.013923680613824,10000,10000,global Bemis-Murcko scaffold cluster across fixed targets,601,positive favors full-context
post_hoc_extension_float32_v4,full_vs_chemistry_domain,full_vs_chemistry,TPDdb,,CSNK1A1,delta_rmse,-0.0016287574039735,-0.0017391591011785,-0.0142731885101768,0.0122073668696935,10000,10000,global Bemis-Murcko scaffold cluster across fixed targets,601,positive favors full-context
post_hoc_extension_float32_v4,full_vs_chemistry_domain,full_vs_chemistry,TPDdb,,GSPT1,delta_rmse,-0.0330944986956254,-0.0326716953637311,-0.0635671494222,-0.001486544189028,10000,10000,global Bemis-Murcko scaffold cluster across fixed targets,601,positive favors full-context
post_hoc_extension_float32_v4,full_vs_chemistry_domain,full_vs_chemistry,TPDdb,,WIZ,delta_rmse,0.0383904092498217,0.0380848501566791,0.0202913646121135,0.054822019342878,10000,10000,global Bemis-Murcko scaffold cluster across fixed targets,601,positive favors full-context
post_hoc_extension_float32_v4,full_vs_chemistry_domain,full_vs_chemistry,TPDdb,,CDK2,delta_rmse,-0.0001686434970195,-0.000197711979414,-0.0174908347844356,0.0166697682082245,10000,10000,global Bemis-Murcko scaffold cluster across fixed targets,601,positive favors full-context
post_hoc_extension_float32_v4,full_vs_chemistry_domain,full_vs_chemistry,TPDdb,,CCNK+CDK12,delta_rmse,-0.0058132503268196,-0.0066235227850192,-0.0236093655442106,0.0077804190560567,10000,10000,global Bemis-Murcko scaffold cluster across fixed targets,601,positive favors full-context
post_hoc_extension_float32_v4,full_vs_chemistry_domain,full_vs_chemistry,TPDdb,,IKZF2,delta_rmse,0.04839748523003,0.0457951314265239,0.009562281242947,0.0695279107401745,10000,10000,global Bemis-Murcko scaffold cluster across fixed targets,601,positive favors full-context
post_hoc_extension_float32_v4,full_vs_chemistry_domain,full_vs_chemistry,TPDdb,,IKZF1,delta_rmse,0.0583035888958242,0.0587959462565767,-0.0058262005783591,0.135317085123549,10000,10000,global Bemis-Murcko scaffold cluster across fixed targets,601,positive favors full-context
post_hoc_extension_float32_v4,deletion_vs_baseline,deletion_vs_baseline,MGTbind,chemistry_extra_trees,,delta_spearman,-0.0663165267362859,-0.06784773329724,-0.1227244262331247,-0.0170658128710118,10000,10000,global Bemis-Murcko scaffold cluster across fixed targets,601,positive favors source deletion
post_hoc_extension_float32_v4,deletion_vs_baseline_domain,deletion_vs_baseline,MGTbind,chemistry_extra_trees,VAV1,delta_spearman,-0.0261963007771967,-0.0254846340197302,-0.0877984312625758,0.0373423474709259,10000,10000,global Bemis-Murcko scaffold cluster across fixed targets,601,positive favors source deletion
post_hoc_extension_float32_v4,deletion_vs_baseline_domain,deletion_vs_baseline,MGTbind,chemistry_extra_trees,CSNK1A1,delta_spearman,-0.0526851994024944,-0.0539979765764561,-0.1968401664016436,0.0667750195053681,10000,10000,global Bemis-Murcko scaffold cluster across fixed targets,601,positive favors source deletion
post_hoc_extension_float32_v4,deletion_vs_baseline_domain,deletion_vs_baseline,MGTbind,chemistry_extra_trees,GSPT1,delta_spearman,-0.1553411650278947,-0.1446500634128103,-0.3303512994513281,0.0293109601269911,10000,10000,global Bemis-Murcko scaffold cluster across fixed targets,601,positive favors source deletion
post_hoc_extension_float32_v4,deletion_vs_baseline_domain,deletion_vs_baseline,MGTbind,chemistry_extra_trees,WIZ,delta_spearman,0.1672367461200393,0.1584119024227829,0.0030721091624523,0.3354518850104892,10000,10000,global Bemis-Murcko scaffold cluster across fixed targets,601,positive favors source deletion
post_hoc_extension_float32_v4,deletion_vs_baseline_domain,deletion_vs_baseline,MGTbind,chemistry_extra_trees,CDK2,delta_spearman,-0.1901741174826422,-0.1890506441805543,-0.3120049799191032,-0.0650513174798333,10000,10000,global Bemis-Murcko scaffold cluster across fixed targets,601,positive favors source deletion
post_hoc_extension_float32_v4,deletion_vs_baseline_domain,deletion_vs_baseline,MGTbind,chemistry_extra_trees,CCNK+CDK12,delta_spearman,-0.1262864293154042,-0.1357124124968784,-0.3288330248853047,-0.0021678198376917,10000,10000,global Bemis-Murcko scaffold cluster across fixed targets,601,positive favors source deletion
post_hoc_extension_float32_v4,deletion_vs_baseline_domain,deletion_vs_baseline,MGTbind,chemistry_extra_trees,IKZF2,delta_spearman,-0.1711515849062147,-0.1652996396561755,-0.4166516796576721,0.0206518172890842,10000,10000,global Bemis-Murcko scaffold cluster across fixed targets,601,positive favors source deletion
post_hoc_extension_float32_v4,deletion_vs_baseline_domain,deletion_vs_baseline,MGTbind,chemistry_extra_trees,IKZF1,delta_spearman,0.0240658369015203,0.0130016015419019,-0.0796476365140883,0.1144445937166115,10000,10000,global Bemis-Murcko scaffold cluster across fixed targets,601,positive favors source deletion
post_hoc_extension_float32_v4,deletion_vs_baseline,deletion_vs_baseline,MGTbind,chemistry_extra_trees,,delta_rmse,-0.0216641494752456,-0.0218924195854354,-0.0364429579196682,-0.0078671165218112,10000,10000,global Bemis-Murcko scaffold cluster across fixed targets,601,positive favors source deletion
post_hoc_extension_float32_v4,deletion_vs_baseline_domain,deletion_vs_baseline,MGTbind,chemistry_extra_trees,VAV1,delta_rmse,-0.0110285181673135,-0.013101908468837,-0.0536742260007837,0.0222348404220342,10000,10000,global Bemis-Murcko scaffold cluster across fixed targets,601,positive favors source deletion
post_hoc_extension_float32_v4,deletion_vs_baseline_domain,deletion_vs_baseline,MGTbind,chemistry_extra_trees,CSNK1A1,delta_rmse,-0.0323897871858323,-0.0318560757948169,-0.0804425687792988,0.0077450202957363,10000,10000,global Bemis-Murcko scaffold cluster across fixed targets,601,positive favors source deletion
post_hoc_extension_float32_v4,deletion_vs_baseline_domain,deletion_vs_baseline,MGTbind,chemistry_extra_trees,GSPT1,delta_rmse,-0.0705946507815302,-0.0687610287028139,-0.1485076888787579,0.0032119493500503,10000,10000,global Bemis-Murcko scaffold cluster across fixed targets,601,positive favors source deletion
post_hoc_extension_float32_v4,deletion_vs_baseline_domain,deletion_vs_baseline,MGTbind,chemistry_extra_trees,WIZ,delta_rmse,-0.0124250463114734,-0.0126353757200202,-0.0479103747377998,0.0210234972583126,10000,10000,global Bemis-Murcko scaffold cluster across fixed targets,601,positive favors source deletion
post_hoc_extension_float32_v4,deletion_vs_baseline_domain,deletion_vs_baseline,MGTbind,chemistry_extra_trees,CDK2,delta_rmse,-0.0081772815959548,-0.0086813365724669,-0.0222744520581037,0.0074441149164524,10000,10000,global Bemis-Murcko scaffold cluster across fixed targets,601,positive favors source deletion
post_hoc_extension_float32_v4,deletion_vs_baseline_domain,deletion_vs_baseline,MGTbind,chemistry_extra_trees,CCNK+CDK12,delta_rmse,-0.0206960705622876,-0.0214910647183006,-0.0412110261586998,-0.0040094915026553,10000,10000,global Bemis-Murcko scaffold cluster across fixed targets,601,positive favors source deletion
post_hoc_extension_float32_v4,deletion_vs_baseline_domain,deletion_vs_baseline,MGTbind,chemistry_extra_trees,IKZF2,delta_rmse,-0.0458374517901425,-0.0458651746060627,-0.0890492094808389,-0.0128484419568683,10000,10000,global Bemis-Murcko scaffold cluster across fixed targets,601,positive favors source deletion
post_hoc_extension_float32_v4,deletion_vs_baseline_domain,deletion_vs_baseline,MGTbind,chemistry_extra_trees,IKZF1,delta_rmse,0.0278356105925697,0.0272526078998346,-0.009067290221413,0.064366819681773,10000,10000,global Bemis-Murcko scaffold cluster across fixed targets,601,positive favors source deletion
post_hoc_extension_float32_v4,deletion_vs_baseline,deletion_vs_baseline,MGTbind,full_context_extra_trees,,delta_spearman,-0.0338606402357714,-0.0316369725992919,-0.0863082246754629,0.0216873453949735,10000,10000,global Bemis-Murcko scaffold cluster across fixed targets,601,positive favors source deletion
post_hoc_extension_float32_v4,deletion_vs_baseline_domain,deletion_vs_baseline,MGTbind,full_context_extra_trees,VAV1,delta_spearman,-0.0129578600016669,-0.0143911243988719,-0.0785624778361408,0.0568000071010199,10000,10000,global Bemis-Murcko scaffold cluster across fixed targets,601,positive favors source deletion
post_hoc_extension_float32_v4,deletion_vs_baseline_domain,deletion_vs_baseline,MGTbind,full_context_extra_trees,CSNK1A1,delta_spearman,-0.1792181745793473,-0.1786815781250995,-0.3137602046254052,-0.0367870586657278,10000,10000,global Bemis-Murcko scaffold cluster across fixed targets,601,positive favors source deletion
post_hoc_extension_float32_v4,deletion_vs_baseline_domain,deletion_vs_baseline,MGTbind,full_context_extra_trees,GSPT1,delta_spearman,0.1435081175087641,0.1414967200720295,0.0095914796614199,0.268166747548803,10000,10000,global Bemis-Murcko scaffold cluster across fixed targets,601,positive favors source deletion
post_hoc_extension_float32_v4,deletion_vs_baseline_domain,deletion_vs_baseline,MGTbind,full_context_extra_trees,WIZ,delta_spearman,-0.0852829724269279,-0.0653134083972986,-0.2816029766427643,0.1512359009358293,10000,10000,global Bemis-Murcko scaffold cluster across fixed targets,601,positive favors source deletion
post_hoc_extension_float32_v4,deletion_vs_baseline_domain,deletion_vs_baseline,MGTbind,full_context_extra_trees,CDK2,delta_spearman,0.0887937151207468,0.0896924029961763,-0.0836169754070788,0.2656212305149463,10000,10000,global Bemis-Murcko scaffold cluster across fixed targets,601,positive favors source deletion
post_hoc_extension_float32_v4,deletion_vs_baseline_domain,deletion_vs_baseline,MGTbind,full_context_extra_trees,CCNK+CDK12,delta_spearman,-0.1396376140252457,-0.1413243599071325,-0.340891397014966,0.0012074409825176,10000,10000,global Bemis-Murcko scaffold cluster across fixed targets,601,positive favors source deletion
post_hoc_extension_float32_v4,deletion_vs_baseline_domain,deletion_vs_baseline,MGTbind,full_context_extra_trees,IKZF2,delta_spearman,-0.1226133274403089,-0.1115845459212657,-0.2970767134515652,0.0616293976402894,10000,10000,global Bemis-Murcko scaffold cluster across fixed targets,601,positive favors source deletion
post_hoc_extension_float32_v4,deletion_vs_baseline_domain,deletion_vs_baseline,MGTbind,full_context_extra_trees,IKZF1,delta_spearman,0.036522993957814,0.0270101128871269,-0.0598473607279248,0.1196388992292891,10000,10000,global Bemis-Murcko scaffold cluster across fixed targets,601,positive favors source deletion
post_hoc_extension_float32_v4,deletion_vs_baseline,deletion_vs_baseline,MGTbind,full_context_extra_trees,,delta_rmse,-0.0006974238277368,-0.0011046228361579,-0.0153591254999155,0.0123791692302871,10000,10000,global Bemis-Murcko scaffold cluster across fixed targets,601,positive favors source deletion
post_hoc_extension_float32_v4,deletion_vs_baseline_domain,deletion_vs_baseline,MGTbind,full_context_extra_trees,VAV1,delta_rmse,0.0026715348241008,0.0009003700818298,-0.0308118422622341,0.0286512464944916,10000,10000,global Bemis-Murcko scaffold cluster across fixed targets,601,positive favors source deletion
post_hoc_extension_float32_v4,deletion_vs_baseline_domain,deletion_vs_baseline,MGTbind,full_context_extra_trees,CSNK1A1,delta_rmse,-0.0240398311637837,-0.023894937237661,-0.0703405718584972,0.017905913099057,10000,10000,global Bemis-Murcko scaffold cluster across fixed targets,601,positive favors source deletion
post_hoc_extension_float32_v4,deletion_vs_baseline_domain,deletion_vs_baseline,MGTbind,full_context_extra_trees,GSPT1,delta_rmse,-0.03706743443461,-0.0361217215575042,-0.0982474760066054,0.0214879086655893,10000,10000,global Bemis-Murcko scaffold cluster across fixed targets,601,positive favors source deletion
post_hoc_extension_float32_v4,deletion_vs_baseline_domain,deletion_vs_baseline,MGTbind,full_context_extra_trees,WIZ,delta_rmse,0.0161657164138189,0.016074136436976,-0.0176840152388195,0.0490854930653485,10000,10000,global Bemis-Murcko scaffold cluster across fixed targets,601,positive favors source deletion
post_hoc_extension_float32_v4,deletion_vs_baseline_domain,deletion_vs_baseline,MGTbind,full_context_extra_trees,CDK2,delta_rmse,0.0108431837116147,0.0107912889270304,-0.0020303007231503,0.0229805964756225,10000,10000,global Bemis-Murcko scaffold cluster across fixed targets,601,positive favors source deletion
post_hoc_extension_float32_v4,deletion_vs_baseline_domain,deletion_vs_baseline,MGTbind,full_context_extra_trees,CCNK+CDK12,delta_rmse,-0.0268546392519806,-0.0283140991041706,-0.0546937872285708,-0.0043585577557519,10000,10000,global Bemis-Murcko scaffold cluster across fixed targets,601,positive favors source deletion
post_hoc_extension_float32_v4,deletion_vs_baseline_domain,deletion_vs_baseline,MGTbind,full_context_extra_trees,IKZF2,delta_rmse,-0.0116306754322184,-0.0109656505649167,-0.0294251707987665,0.0079752742654753,10000,10000,global Bemis-Murcko scaffold cluster across fixed targets,601,positive favors source deletion
post_hoc_extension_float32_v4,deletion_vs_baseline_domain,deletion_vs_baseline,MGTbind,full_context_extra_trees,IKZF1,delta_rmse,0.0643327547111637,0.0626936303291521,0.0157348111906777,0.1065249648156105,10000,10000,global Bemis-Murcko scaffold cluster across fixed targets,601,positive favors source deletion
post_hoc_extension_float32_v4,deletion_vs_baseline,deletion_vs_baseline,MGDB,chemistry_extra_trees,,delta_spearman,-0.0743968071841834,-0.0752786851570124,-0.1556159321150969,0.0021099809523232,10000,10000,global Bemis-Murcko scaffold cluster across fixed targets,601,positive favors source deletion
post_hoc_extension_float32_v4,deletion_vs_baseline_domain,deletion_vs_baseline,MGDB,chemistry_extra_trees,VAV1,delta_spearman,0.0519427287493783,0.0497434432942891,-0.0303112809967151,0.138877137728056,10000,10000,global Bemis-Murcko scaffold cluster across fixed targets,601,positive favors source deletion
post_hoc_extension_float32_v4,deletion_vs_baseline_domain,deletion_vs_baseline,MGDB,chemistry_extra_trees,CSNK1A1,delta_spearman,0.0357672072940844,0.0348203659106275,-0.0283920688824585,0.1038000485329801,10000,10000,global Bemis-Murcko scaffold cluster across fixed targets,601,positive favors source deletion
post_hoc_extension_float32_v4,deletion_vs_baseline_domain,deletion_vs_baseline,MGDB,chemistry_extra_trees,GSPT1,delta_spearman,-0.2068054150519498,-0.2060397520258879,-0.4100447806320472,-0.0225746780560051,10000,10000,global Bemis-Murcko scaffold cluster across fixed targets,601,positive favors source deletion
post_hoc_extension_float32_v4,deletion_vs_baseline_domain,deletion_vs_baseline,MGDB,chemistry_extra_trees,WIZ,delta_spearman,0.2828947017548656,0.2385165715929208,-0.1814589350646946,0.6316714926143817,10000,10000,global Bemis-Murcko scaffold cluster across fixed targets,601,positive favors source deletion
post_hoc_extension_float32_v4,deletion_vs_baseline_domain,deletion_vs_baseline,MGDB,chemistry_extra_trees,CDK2,delta_spearman,-0.1776031759018422,-0.1750233922717845,-0.3221736227141433,-0.0244560711698984,10000,10000,global Bemis-Murcko scaffold cluster across fixed targets,601,positive favors source deletion
post_hoc_extension_float32_v4,deletion_vs_baseline_domain,deletion_vs_baseline,MGDB,chemistry_extra_trees,CCNK+CDK12,delta_spearman,-0.0937551112228096,-0.0937656622481347,-0.247958127296094,0.0415550184671945,10000,10000,global Bemis-Murcko scaffold cluster across fixed targets,601,positive favors source deletion
post_hoc_extension_float32_v4,deletion_vs_baseline_domain,deletion_vs_baseline,MGDB,chemistry_extra_trees,IKZF2,delta_spearman,-0.1695791288652932,-0.1517021548635693,-0.4084079257893224,0.0816894978324339,10000,10000,global Bemis-Murcko scaffold cluster across fixed targets,601,positive favors source deletion
post_hoc_extension_float32_v4,deletion_vs_baseline_domain,deletion_vs_baseline,MGDB,chemistry_extra_trees,IKZF1,delta_spearman,-0.3180362642299008,-0.2987789006445608,-0.5974253943017475,-0.0592731635335489,10000,10000,global Bemis-Murcko scaffold cluster across fixed targets,601,positive favors source deletion
post_hoc_extension_float32_v4,deletion_vs_baseline,deletion_vs_baseline,MGDB,chemistry_extra_trees,,delta_rmse,-0.0205437658914973,-0.019735068618442,-0.0396582431258347,-0.0001134220128419,10000,10000,global Bemis-Murcko scaffold cluster across fixed targets,601,positive favors source deletion
post_hoc_extension_float32_v4,deletion_vs_baseline_domain,deletion_vs_baseline,MGDB,chemistry_extra_trees,VAV1,delta_rmse,-0.0112411831974355,-0.010126732377354,-0.0314876965549795,0.0157394496671781,10000,10000,global Bemis-Murcko scaffold cluster across fixed targets,601,positive favors source deletion
post_hoc_extension_float32_v4,deletion_vs_baseline_domain,deletion_vs_baseline,MGDB,chemistry_extra_trees,CSNK1A1,delta_rmse,-0.0014796814047368,-0.0017202947056002,-0.0177638258980336,0.0134793170981121,10000,10000,global Bemis-Murcko scaffold cluster across fixed targets,601,positive favors source deletion
post_hoc_extension_float32_v4,deletion_vs_baseline_domain,deletion_vs_baseline,MGDB,chemistry_extra_trees,GSPT1,delta_rmse,-0.0322511386144124,-0.0325538189311228,-0.0645914149673733,-0.0016939442266278,10000,10000,global Bemis-Murcko scaffold cluster across fixed targets,601,positive favors source deletion
post_hoc_extension_float32_v4,deletion_vs_baseline_domain,deletion_vs_baseline,MGDB,chemistry_extra_trees,WIZ,delta_rmse,0.0284585557443468,0.0274992180060572,-0.0639391400263858,0.1125386445352927,10000,10000,global Bemis-Murcko scaffold cluster across fixed targets,601,positive favors source deletion
post_hoc_extension_float32_v4,deletion_vs_baseline_domain,deletion_vs_baseline,MGDB,chemistry_extra_trees,CDK2,delta_rmse,-0.0171484280238993,-0.0174514503639845,-0.0408937442079834,0.0045876639696007,10000,10000,global Bemis-Murcko scaffold cluster across fixed targets,601,positive favors source deletion
post_hoc_extension_float32_v4,deletion_vs_baseline_domain,deletion_vs_baseline,MGDB,chemistry_extra_trees,CCNK+CDK12,delta_rmse,-0.1322585993383274,-0.1294977046605712,-0.1825800509366726,-0.0696781850998676,10000,10000,global Bemis-Murcko scaffold cluster across fixed targets,601,positive favors source deletion
post_hoc_extension_float32_v4,deletion_vs_baseline_domain,deletion_vs_baseline,MGDB,chemistry_extra_trees,IKZF2,delta_rmse,0.0332605241211803,0.0322220806154149,-0.0153818431264947,0.0685427907491482,10000,10000,global Bemis-Murcko scaffold cluster across fixed targets,601,positive favors source deletion
post_hoc_extension_float32_v4,deletion_vs_baseline_domain,deletion_vs_baseline,MGDB,chemistry_extra_trees,IKZF1,delta_rmse,-0.0316901764186946,-0.0262518465303758,-0.1175774404553187,0.0680678885790607,10000,10000,global Bemis-Murcko scaffold cluster across fixed targets,601,positive favors source deletion
post_hoc_extension_float32_v4,deletion_vs_baseline,deletion_vs_baseline,MGDB,full_context_extra_trees,,delta_spearman,-0.0401564480824044,-0.0358478495119212,-0.0956098468822057,0.022634145799014,10000,10000,global Bemis-Murcko scaffold cluster across fixed targets,601,positive favors source deletion
post_hoc_extension_float32_v4,deletion_vs_baseline_domain,deletion_vs_baseline,MGDB,full_context_extra_trees,VAV1,delta_spearman,-0.1054646553744619,-0.1104350684490676,-0.2263697415118963,-0.0106493538926757,10000,10000,global Bemis-Murcko scaffold cluster across fixed targets,601,positive favors source deletion
post_hoc_extension_float32_v4,deletion_vs_baseline_domain,deletion_vs_baseline,MGDB,full_context_extra_trees,CSNK1A1,delta_spearman,0.0312888380094067,0.0267135129678586,-0.0472124017571983,0.1039655686115146,10000,10000,global Bemis-Murcko scaffold cluster across fixed targets,601,positive favors source deletion
post_hoc_extension_float32_v4,deletion_vs_baseline_domain,deletion_vs_baseline,MGDB,full_context_extra_trees,GSPT1,delta_spearman,0.0068284226118093,0.0067772492808778,-0.1735040167569194,0.1888929152124691,10000,10000,global Bemis-Murcko scaffold cluster across fixed targets,601,positive favors source deletion
post_hoc_extension_float32_v4,deletion_vs_baseline_domain,deletion_vs_baseline,MGDB,full_context_extra_trees,WIZ,delta_spearman,0.1534991726603028,0.1483703012496411,-0.0205429045674111,0.3161953814292008,10000,10000,global Bemis-Murcko scaffold cluster across fixed targets,601,positive favors source deletion
post_hoc_extension_float32_v4,deletion_vs_baseline_domain,deletion_vs_baseline,MGDB,full_context_extra_trees,CDK2,delta_spearman,0.087097120218187,0.0891550563760438,-0.0311515572683978,0.2123907074667532,10000,10000,global Bemis-Murcko scaffold cluster across fixed targets,601,positive favors source deletion
post_hoc_extension_float32_v4,deletion_vs_baseline_domain,deletion_vs_baseline,MGDB,full_context_extra_trees,CCNK+CDK12,delta_spearman,-0.0671345468276414,-0.0657418599706241,-0.1675608715836396,0.039465059557106,10000,10000,global Bemis-Murcko scaffold cluster across fixed targets,601,positive favors source deletion
post_hoc_extension_float32_v4,deletion_vs_baseline_domain,deletion_vs_baseline,MGDB,full_context_extra_trees,IKZF2,delta_spearman,-0.0726273411421633,-0.053265976780493,-0.2540500288305375,0.158374606152872,10000,10000,global Bemis-Murcko scaffold cluster across fixed targets,601,positive favors source deletion
post_hoc_extension_float32_v4,deletion_vs_baseline_domain,deletion_vs_baseline,MGDB,full_context_extra_trees,IKZF1,delta_spearman,-0.3547385948146747,-0.3283560107696067,-0.6435002934085218,-0.0826202886632649,10000,10000,global Bemis-Murcko scaffold cluster across fixed targets,601,positive favors source deletion
post_hoc_extension_float32_v4,deletion_vs_baseline,deletion_vs_baseline,MGDB,full_context_extra_trees,,delta_rmse,-0.015059829560705,-0.0145547128570319,-0.0270672020421649,-0.0012887762917519,10000,10000,global Bemis-Murcko scaffold cluster across fixed targets,601,positive favors source deletion
post_hoc_extension_float32_v4,deletion_vs_baseline_domain,deletion_vs_baseline,MGDB,full_context_extra_trees,VAV1,delta_rmse,-0.0246636269294744,-0.0241588353184451,-0.0389450929686376,-0.0078050584778385,10000,10000,global Bemis-Murcko scaffold cluster across fixed targets,601,positive favors source deletion
post_hoc_extension_float32_v4,deletion_vs_baseline_domain,deletion_vs_baseline,MGDB,full_context_extra_trees,CSNK1A1,delta_rmse,-0.0018377589452751,-0.0023294649688416,-0.0193113367976098,0.0132973031904406,10000,10000,global Bemis-Murcko scaffold cluster across fixed targets,601,positive favors source deletion
post_hoc_extension_float32_v4,deletion_vs_baseline_domain,deletion_vs_baseline,MGDB,full_context_extra_trees,GSPT1,delta_rmse,0.00334692183133,0.003400844014502,-0.0232925139737538,0.0313885180571737,10000,10000,global Bemis-Murcko scaffold cluster across fixed targets,601,positive favors source deletion
post_hoc_extension_float32_v4,deletion_vs_baseline_domain,deletion_vs_baseline,MGDB,full_context_extra_trees,WIZ,delta_rmse,-0.0391091706040541,-0.0399079320397182,-0.0875484060965953,0.0060086206964644,10000,10000,global Bemis-Murcko scaffold cluster across fixed targets,601,positive favors source deletion
post_hoc_extension_float32_v4,deletion_vs_baseline_domain,deletion_vs_baseline,MGDB,full_context_extra_trees,CDK2,delta_rmse,0.0168942332801638,0.0168708272488246,0.0020233424334004,0.0309541776404172,10000,10000,global Bemis-Murcko scaffold cluster across fixed targets,601,positive favors source deletion
post_hoc_extension_float32_v4,deletion_vs_baseline_domain,deletion_vs_baseline,MGDB,full_context_extra_trees,CCNK+CDK12,delta_rmse,-0.0924490997746808,-0.0912264112324657,-0.1202405686751678,-0.0560491400110025,10000,10000,global Bemis-Murcko scaffold cluster across fixed targets,601,positive favors source deletion
post_hoc_extension_float32_v4,deletion_vs_baseline_domain,deletion_vs_baseline,MGDB,full_context_extra_trees,IKZF2,delta_rmse,0.0457755537945129,0.0459107174698414,0.0231111513662415,0.0656294366528422,10000,10000,global Bemis-Murcko scaffold cluster across fixed targets,601,positive favors source deletion
post_hoc_extension_float32_v4,deletion_vs_baseline_domain,deletion_vs_baseline,MGDB,full_context_extra_trees,IKZF1,delta_rmse,-0.0284356891381623,-0.0249974480299527,-0.0862374558842102,0.0461841450514884,10000,10000,global Bemis-Murcko scaffold cluster across fixed targets,601,positive favors source deletion
post_hoc_extension_float32_v4,deletion_vs_baseline,deletion_vs_baseline,MolGlueDB,chemistry_extra_trees,,delta_spearman,0.0679775173696325,0.0522526276885598,-0.0453614918883974,0.1412722432872151,10000,10000,global Bemis-Murcko scaffold cluster across fixed targets,601,positive favors source deletion
post_hoc_extension_float32_v4,deletion_vs_baseline_domain,deletion_vs_baseline,MolGlueDB,chemistry_extra_trees,VAV1,delta_spearman,0.012823662894613,0.0147400826918429,-0.0341788428580333,0.0657343056967773,10000,10000,global Bemis-Murcko scaffold cluster across fixed targets,601,positive favors source deletion
post_hoc_extension_float32_v4,deletion_vs_baseline_domain,deletion_vs_baseline,MolGlueDB,chemistry_extra_trees,CSNK1A1,delta_spearman,-0.0539995662300216,-0.0479753663978487,-0.120666064639819,0.0323749065318021,10000,10000,global Bemis-Murcko scaffold cluster across fixed targets,601,positive favors source deletion
post_hoc_extension_float32_v4,deletion_vs_baseline_domain,deletion_vs_baseline,MolGlueDB,chemistry_extra_trees,GSPT1,delta_spearman,0.0032594572915266,-0.0071747803312373,-0.3068362788821637,0.2925774108400502,10000,10000,global Bemis-Murcko scaffold cluster across fixed targets,601,positive favors source deletion
post_hoc_extension_float32_v4,deletion_vs_baseline_domain,deletion_vs_baseline,MolGlueDB,chemistry_extra_trees,WIZ,delta_spearman,0.1705337726508435,0.1706078434070763,0.0105348183341185,0.3364473678094661,10000,10000,global Bemis-Murcko scaffold cluster across fixed targets,601,positive favors source deletion
post_hoc_extension_float32_v4,deletion_vs_baseline_domain,deletion_vs_baseline,MolGlueDB,chemistry_extra_trees,CDK2,delta_spearman,-0.0719576677930244,-0.0720121438975456,-0.1921504348254762,0.0472041842043511,10000,10000,global Bemis-Murcko scaffold cluster across fixed targets,601,positive favors source deletion
post_hoc_extension_float32_v4,deletion_vs_baseline_domain,deletion_vs_baseline,MolGlueDB,chemistry_extra_trees,CCNK+CDK12,delta_spearman,0.0823459304990048,0.082317963724868,-0.0293518571358822,0.2186694615949808,10000,10000,global Bemis-Murcko scaffold cluster across fixed targets,601,positive favors source deletion
post_hoc_extension_float32_v4,deletion_vs_baseline_domain,deletion_vs_baseline,MolGlueDB,chemistry_extra_trees,IKZF2,delta_spearman,0.2469986602017946,0.1484588198335548,-0.4281571741049816,0.5563943260526375,10000,10000,global Bemis-Murcko scaffold cluster across fixed targets,601,positive favors source deletion
post_hoc_extension_float32_v4,deletion_vs_baseline_domain,deletion_vs_baseline,MolGlueDB,chemistry_extra_trees,IKZF1,delta_spearman,0.1538158894423238,0.1290586024777685,-0.0762540887018228,0.3703218680435248,10000,10000,global Bemis-Murcko scaffold cluster across fixed targets,601,positive favors source deletion
post_hoc_extension_float32_v4,deletion_vs_baseline,deletion_vs_baseline,MolGlueDB,chemistry_extra_trees,,delta_rmse,0.0087730839912166,0.0062156758796759,-0.0168897388772009,0.0263687769454677,10000,10000,global Bemis-Murcko scaffold cluster across fixed targets,601,positive favors source deletion
post_hoc_extension_float32_v4,deletion_vs_baseline_domain,deletion_vs_baseline,MolGlueDB,chemistry_extra_trees,VAV1,delta_rmse,-0.0011465876110348,-0.0027462484394015,-0.0360340265149795,0.026634294115998,10000,10000,global Bemis-Murcko scaffold cluster across fixed targets,601,positive favors source deletion
post_hoc_extension_float32_v4,deletion_vs_baseline_domain,deletion_vs_baseline,MolGlueDB,chemistry_extra_trees,CSNK1A1,delta_rmse,-0.0181730784576203,-0.0180692495797432,-0.0395600944402145,0.0013522363065924,10000,10000,global Bemis-Murcko scaffold cluster across fixed targets,601,positive favors source deletion
post_hoc_extension_float32_v4,deletion_vs_baseline_domain,deletion_vs_baseline,MolGlueDB,chemistry_extra_trees,GSPT1,delta_rmse,0.013826065254572,0.0136972492187427,-0.0240940805731189,0.0532124343305152,10000,10000,global Bemis-Murcko scaffold cluster across fixed targets,601,positive favors source deletion
post_hoc_extension_float32_v4,deletion_vs_baseline_domain,deletion_vs_baseline,MolGlueDB,chemistry_extra_trees,WIZ,delta_rmse,0.0441563072855676,0.0452048013438923,-0.0122183600501397,0.1041962958519095,10000,10000,global Bemis-Murcko scaffold cluster across fixed targets,601,positive favors source deletion
post_hoc_extension_float32_v4,deletion_vs_baseline_domain,deletion_vs_baseline,MolGlueDB,chemistry_extra_trees,CDK2,delta_rmse,-0.0098274639743685,-0.0098988208654566,-0.0211487291487637,0.0001338145285101,10000,10000,global Bemis-Murcko scaffold cluster across fixed targets,601,positive favors source deletion
post_hoc_extension_float32_v4,deletion_vs_baseline_domain,deletion_vs_baseline,MolGlueDB,chemistry_extra_trees,CCNK+CDK12,delta_rmse,0.0442483314628565,0.0448728290004803,0.0208120003340149,0.0754139931799845,10000,10000,global Bemis-Murcko scaffold cluster across fixed targets,601,positive favors source deletion
post_hoc_extension_float32_v4,deletion_vs_baseline_domain,deletion_vs_baseline,MolGlueDB,chemistry_extra_trees,IKZF2,delta_rmse,-0.0706183184900928,-0.0831362998590351,-0.3034711931011642,0.0785616556780161,10000,10000,global Bemis-Murcko scaffold cluster across fixed targets,601,positive favors source deletion
post_hoc_extension_float32_v4,deletion_vs_baseline_domain,deletion_vs_baseline,MolGlueDB,chemistry_extra_trees,IKZF1,delta_rmse,0.0677194164598535,0.0598011462179285,-0.0729311200349721,0.2148224076321246,10000,10000,global Bemis-Murcko scaffold cluster across fixed targets,601,positive favors source deletion
post_hoc_extension_float32_v4,deletion_vs_baseline,deletion_vs_baseline,MolGlueDB,full_context_extra_trees,,delta_spearman,0.0449209313757441,0.0318954485583713,-0.0487185026906589,0.1088856232334201,10000,10000,global Bemis-Murcko scaffold cluster across fixed targets,601,positive favors source deletion
post_hoc_extension_float32_v4,deletion_vs_baseline_domain,deletion_vs_baseline,MolGlueDB,full_context_extra_trees,VAV1,delta_spearman,0.0167239610902954,0.016400865733672,-0.0359273044798245,0.0680762457514447,10000,10000,global Bemis-Murcko scaffold cluster across fixed targets,601,positive favors source deletion
post_hoc_extension_float32_v4,deletion_vs_baseline_domain,deletion_vs_baseline,MolGlueDB,full_context_extra_trees,CSNK1A1,delta_spearman,-0.0541569175722511,-0.0563313028955985,-0.1653835603599756,0.0515129918279381,10000,10000,global Bemis-Murcko scaffold cluster across fixed targets,601,positive favors source deletion
post_hoc_extension_float32_v4,deletion_vs_baseline_domain,deletion_vs_baseline,MolGlueDB,full_context_extra_trees,GSPT1,delta_spearman,-0.0676266692402698,-0.0717219921929453,-0.3110396631123279,0.1548065878967715,10000,10000,global Bemis-Murcko scaffold cluster across fixed targets,601,positive favors source deletion
post_hoc_extension_float32_v4,deletion_vs_baseline_domain,deletion_vs_baseline,MolGlueDB,full_context_extra_trees,WIZ,delta_spearman,-0.1040941767640426,-0.0782391704976915,-0.2776438201041021,0.1649299310852047,10000,10000,global Bemis-Murcko scaffold cluster across fixed targets,601,positive favors source deletion
post_hoc_extension_float32_v4,deletion_vs_baseline_domain,deletion_vs_baseline,MolGlueDB,full_context_extra_trees,CDK2,delta_spearman,0.1160553578067748,0.1149827030030031,0.0391602368795556,0.1996024952930913,10000,10000,global Bemis-Murcko scaffold cluster across fixed targets,601,positive favors source deletion
post_hoc_extension_float32_v4,deletion_vs_baseline_domain,deletion_vs_baseline,MolGlueDB,full_context_extra_trees,CCNK+CDK12,delta_spearman,-0.0134779119756675,-0.0128538950849784,-0.1448725465889919,0.1343595933163079,10000,10000,global Bemis-Murcko scaffold cluster across fixed targets,601,positive favors source deletion
post_hoc_extension_float32_v4,deletion_vs_baseline_domain,deletion_vs_baseline,MolGlueDB,full_context_extra_trees,IKZF2,delta_spearman,0.3505171582947369,0.2512013166590759,-0.2509829996503055,0.6295715783840927,10000,10000,global Bemis-Murcko scaffold cluster across fixed targets,601,positive favors source deletion
post_hoc_extension_float32_v4,deletion_vs_baseline_domain,deletion_vs_baseline,MolGlueDB,full_context_extra_trees,IKZF1,delta_spearman,0.1154266493663769,0.0917250637424336,-0.0754024343421366,0.2844893733073172,10000,10000,global Bemis-Murcko scaffold cluster across fixed targets,601,positive favors source deletion
post_hoc_extension_float32_v4,deletion_vs_baseline,deletion_vs_baseline,MolGlueDB,full_context_extra_trees,,delta_rmse,0.0188613019708854,0.0163997443081274,0.0021706987462282,0.0288085118772568,10000,10000,global Bemis-Murcko scaffold cluster across fixed targets,601,positive favors source deletion
post_hoc_extension_float32_v4,deletion_vs_baseline_domain,deletion_vs_baseline,MolGlueDB,full_context_extra_trees,VAV1,delta_rmse,0.0094460544085073,0.0082273736821287,-0.0124081547914556,0.0271432304251922,10000,10000,global Bemis-Murcko scaffold cluster across fixed targets,601,positive favors source deletion
post_hoc_extension_float32_v4,deletion_vs_baseline_domain,deletion_vs_baseline,MolGlueDB,full_context_extra_trees,CSNK1A1,delta_rmse,0.0124830644354707,0.0116079612520094,-0.0282500297336558,0.0458265862069399,10000,10000,global Bemis-Murcko scaffold cluster across fixed targets,601,positive favors source deletion
post_hoc_extension_float32_v4,deletion_vs_baseline_domain,deletion_vs_baseline,MolGlueDB,full_context_extra_trees,GSPT1,delta_rmse,0.0151337812633738,0.0146864762884231,-0.0186405952265709,0.0467562296536199,10000,10000,global Bemis-Murcko scaffold cluster across fixed targets,601,positive favors source deletion
post_hoc_extension_float32_v4,deletion_vs_baseline_domain,deletion_vs_baseline,MolGlueDB,full_context_extra_trees,WIZ,delta_rmse,-0.0129788898728248,-0.012588296468067,-0.0372236909766911,0.0091891937601826,10000,10000,global Bemis-Murcko scaffold cluster across fixed targets,601,positive favors source deletion
post_hoc_extension_float32_v4,deletion_vs_baseline_domain,deletion_vs_baseline,MolGlueDB,full_context_extra_trees,CDK2,delta_rmse,0.0121837829508254,0.0122986446441308,-0.0006549366811365,0.0247476393669905,10000,10000,global Bemis-Murcko scaffold cluster across fixed targets,601,positive favors source deletion
post_hoc_extension_float32_v4,deletion_vs_baseline_domain,deletion_vs_baseline,MolGlueDB,full_context_extra_trees,CCNK+CDK12,delta_rmse,0.038999597785525,0.0388261783839745,0.0186260079172573,0.0596521094205174,10000,10000,global Bemis-Murcko scaffold cluster across fixed targets,601,positive favors source deletion
post_hoc_extension_float32_v4,deletion_vs_baseline_domain,deletion_vs_baseline,MolGlueDB,full_context_extra_trees,IKZF2,delta_rmse,-0.014123488172272,-0.0228033737346809,-0.1564482738929277,0.0640197951334917,10000,10000,global Bemis-Murcko scaffold cluster across fixed targets,601,positive favors source deletion
post_hoc_extension_float32_v4,deletion_vs_baseline_domain,deletion_vs_baseline,MolGlueDB,full_context_extra_trees,IKZF1,delta_rmse,0.0897465129684783,0.0809429904171004,-0.0166910309467228,0.1675524868996169,10000,10000,global Bemis-Murcko scaffold cluster across fixed targets,601,positive favors source deletion
post_hoc_extension_float32_v4,deletion_vs_baseline,deletion_vs_baseline,TPDdb,chemistry_extra_trees,,delta_spearman,0.0016300839126232,0.0011663367044542,-0.0568500920550563,0.0564758119239287,10000,10000,global Bemis-Murcko scaffold cluster across fixed targets,601,positive favors source deletion
post_hoc_extension_float32_v4,deletion_vs_baseline_domain,deletion_vs_baseline,TPDdb,chemistry_extra_trees,VAV1,delta_spearman,-0.0018538078948361,-0.0020651967405714,-0.0600224839246765,0.0487139594724066,10000,10000,global Bemis-Murcko scaffold cluster across fixed targets,601,positive favors source deletion
post_hoc_extension_float32_v4,deletion_vs_baseline_domain,deletion_vs_baseline,TPDdb,chemistry_extra_trees,CSNK1A1,delta_spearman,-0.0063791599095099,-0.0036673359949762,-0.0837853752901426,0.0713909877784361,10000,10000,global Bemis-Murcko scaffold cluster across fixed targets,601,positive favors source deletion
post_hoc_extension_float32_v4,deletion_vs_baseline_domain,deletion_vs_baseline,TPDdb,chemistry_extra_trees,GSPT1,delta_spearman,-0.0534744952421778,-0.0530647093335536,-0.1710492116534195,0.0588984088495062,10000,10000,global Bemis-Murcko scaffold cluster across fixed targets,601,positive favors source deletion
post_hoc_extension_float32_v4,deletion_vs_baseline_domain,deletion_vs_baseline,TPDdb,chemistry_extra_trees,WIZ,delta_spearman,0.1635297736677487,0.1535137439910319,-0.128936792373734,0.4325907106921348,10000,10000,global Bemis-Murcko scaffold cluster across fixed targets,601,positive favors source deletion
post_hoc_extension_float32_v4,deletion_vs_baseline_domain,deletion_vs_baseline,TPDdb,chemistry_extra_trees,CDK2,delta_spearman,0.0109785863996726,0.0138138076759086,-0.1446691277885214,0.1676978348168546,10000,10000,global Bemis-Murcko scaffold cluster across fixed targets,601,positive favors source deletion
post_hoc_extension_float32_v4,deletion_vs_baseline_domain,deletion_vs_baseline,TPDdb,chemistry_extra_trees,CCNK+CDK12,delta_spearman,0.0379614928510552,0.0325367695497518,-0.1259322662613702,0.1435556568575422,10000,10000,global Bemis-Murcko scaffold cluster across fixed targets,601,positive favors source deletion
post_hoc_extension_float32_v4,deletion_vs_baseline_domain,deletion_vs_baseline,TPDdb,chemistry_extra_trees,IKZF2,delta_spearman,-0.1276013893380839,-0.1240035978471831,-0.3878492350345836,0.0884512746753359,10000,10000,global Bemis-Murcko scaffold cluster across fixed targets,601,positive favors source deletion
post_hoc_extension_float32_v4,deletion_vs_baseline_domain,deletion_vs_baseline,TPDdb,chemistry_extra_trees,IKZF1,delta_spearman,-0.0101203292328827,-0.0077327876647741,-0.071626307367357,0.0504853644243912,10000,10000,global Bemis-Murcko scaffold cluster across fixed targets,601,positive favors source deletion
post_hoc_extension_float32_v4,deletion_vs_baseline,deletion_vs_baseline,TPDdb,chemistry_extra_trees,,delta_rmse,-0.0111820370072306,-0.0109437731050152,-0.0229232333021464,0.0005758202701532,10000,10000,global Bemis-Murcko scaffold cluster across fixed targets,601,positive favors source deletion
post_hoc_extension_float32_v4,deletion_vs_baseline_domain,deletion_vs_baseline,TPDdb,chemistry_extra_trees,VAV1,delta_rmse,0.0017164293029259,0.0005579447094735,-0.0191109340426537,0.0181529623324423,10000,10000,global Bemis-Murcko scaffold cluster across fixed targets,601,positive favors source deletion
post_hoc_extension_float32_v4,deletion_vs_baseline_domain,deletion_vs_baseline,TPDdb,chemistry_extra_trees,CSNK1A1,delta_rmse,-0.0484800543222601,-0.0471834366325205,-0.085026705206471,-0.0080317019089739,10000,10000,global Bemis-Murcko scaffold cluster across fixed targets,601,positive favors source deletion
post_hoc_extension_float32_v4,deletion_vs_baseline_domain,deletion_vs_baseline,TPDdb,chemistry_extra_trees,GSPT1,delta_rmse,-0.0043369679054072,-0.0044209385330102,-0.0187332322709523,0.0096832372900717,10000,10000,global Bemis-Murcko scaffold cluster across fixed targets,601,positive favors source deletion
post_hoc_extension_float32_v4,deletion_vs_baseline_domain,deletion_vs_baseline,TPDdb,chemistry_extra_trees,WIZ,delta_rmse,0.0293098359871355,0.0298868488566391,-0.0346690495554532,0.0933184862731473,10000,10000,global Bemis-Murcko scaffold cluster across fixed targets,601,positive favors source deletion
post_hoc_extension_float32_v4,deletion_vs_baseline_domain,deletion_vs_baseline,TPDdb,chemistry_extra_trees,CDK2,delta_rmse,-0.0105701271465967,-0.0106650982221878,-0.0258817870530447,0.0041648316846067,10000,10000,global Bemis-Murcko scaffold cluster across fixed targets,601,positive favors source deletion
post_hoc_extension_float32_v4,deletion_vs_baseline_domain,deletion_vs_baseline,TPDdb,chemistry_extra_trees,CCNK+CDK12,delta_rmse,0.010670707114588,0.0112273519309957,-0.006492481892307,0.032848891142558,10000,10000,global Bemis-Murcko scaffold cluster across fixed targets,601,positive favors source deletion
post_hoc_extension_float32_v4,deletion_vs_baseline_domain,deletion_vs_baseline,TPDdb,chemistry_extra_trees,IKZF2,delta_rmse,-0.0643935539039394,-0.0648175975891134,-0.1184935056936606,-0.0285390348962015,10000,10000,global Bemis-Murcko scaffold cluster across fixed targets,601,positive favors source deletion
post_hoc_extension_float32_v4,deletion_vs_baseline_domain,deletion_vs_baseline,TPDdb,chemistry_extra_trees,IKZF1,delta_rmse,-0.003372565184291,-0.0021352593603986,-0.0213932728888194,0.0212003944102437,10000,10000,global Bemis-Murcko scaffold cluster across fixed targets,601,positive favors source deletion
post_hoc_extension_float32_v4,deletion_vs_baseline,deletion_vs_baseline,TPDdb,full_context_extra_trees,,delta_spearman,0.0158123579372523,0.0188941623854211,-0.0279775443845691,0.0662630926210712,10000,10000,global Bemis-Murcko scaffold cluster across fixed targets,601,positive favors source deletion
post_hoc_extension_float32_v4,deletion_vs_baseline_domain,deletion_vs_baseline,TPDdb,full_context_extra_trees,VAV1,delta_spearman,-0.0285339058073723,-0.0305593363993966,-0.1000939208349909,0.0349343596290153,10000,10000,global Bemis-Murcko scaffold cluster across fixed targets,601,positive favors source deletion
post_hoc_extension_float32_v4,deletion_vs_baseline_domain,deletion_vs_baseline,TPDdb,full_context_extra_trees,CSNK1A1,delta_spearman,-0.0229651617372017,-0.0223359382001046,-0.0917126958669564,0.0389071627320814,10000,10000,global Bemis-Murcko scaffold cluster across fixed targets,601,positive favors source deletion
post_hoc_extension_float32_v4,deletion_vs_baseline_domain,deletion_vs_baseline,TPDdb,full_context_extra_trees,GSPT1,delta_spearman,0.111689432102086,0.107924162432276,0.0116908228318406,0.2141276575807202,10000,10000,global Bemis-Murcko scaffold cluster across fixed targets,601,positive favors source deletion
post_hoc_extension_float32_v4,deletion_vs_baseline_domain,deletion_vs_baseline,TPDdb,full_context_extra_trees,WIZ,delta_spearman,0.0519546329249152,0.0752636939861702,-0.1770639690373166,0.3412702169365071,10000,10000,global Bemis-Murcko scaffold cluster across fixed targets,601,positive favors source deletion
post_hoc_extension_float32_v4,deletion_vs_baseline_domain,deletion_vs_baseline,TPDdb,full_context_extra_trees,CDK2,delta_spearman,0.0389153995515229,0.0419563231183614,-0.0732103879375495,0.161148411699598,10000,10000,global Bemis-Murcko scaffold cluster across fixed targets,601,positive favors source deletion
post_hoc_extension_float32_v4,deletion_vs_baseline_domain,deletion_vs_baseline,TPDdb,full_context_extra_trees,CCNK+CDK12,delta_spearman,-0.0369391126396884,-0.0273618006840156,-0.1384753982203534,0.1046348628695487,10000,10000,global Bemis-Murcko scaffold cluster across fixed targets,601,positive favors source deletion
post_hoc_extension_float32_v4,deletion_vs_baseline_domain,deletion_vs_baseline,TPDdb,full_context_extra_trees,IKZF2,delta_spearman,0.0490972857758864,0.0425735404640597,-0.0821118094926795,0.1682152681388039,10000,10000,global Bemis-Murcko scaffold cluster across fixed targets,601,positive favors source deletion
post_hoc_extension_float32_v4,deletion_vs_baseline_domain,deletion_vs_baseline,TPDdb,full_context_extra_trees,IKZF1,delta_spearman,-0.036719706672129,-0.0363073456339813,-0.1048276347563648,0.0111254043509158,10000,10000,global Bemis-Murcko scaffold cluster across fixed targets,601,positive favors source deletion
post_hoc_extension_float32_v4,deletion_vs_baseline,deletion_vs_baseline,TPDdb,full_context_extra_trees,,delta_rmse,0.0091215298464055,0.0087643781419105,0.0007942575582809,0.0169945165304576,10000,10000,global Bemis-Murcko scaffold cluster across fixed targets,601,positive favors source deletion
post_hoc_extension_float32_v4,deletion_vs_baseline_domain,deletion_vs_baseline,TPDdb,full_context_extra_trees,VAV1,delta_rmse,0.001301625281245,0.0002434486898691,-0.0170330838122582,0.0157004739193108,10000,10000,global Bemis-Murcko scaffold cluster across fixed targets,601,positive favors source deletion
post_hoc_extension_float32_v4,deletion_vs_baseline_domain,deletion_vs_baseline,TPDdb,full_context_extra_trees,CSNK1A1,delta_rmse,-0.0312176578211103,-0.0305650867707049,-0.0520865970605572,-0.0070195807834228,10000,10000,global Bemis-Murcko scaffold cluster across fixed targets,601,positive favors source deletion
post_hoc_extension_float32_v4,deletion_vs_baseline_domain,deletion_vs_baseline,TPDdb,full_context_extra_trees,GSPT1,delta_rmse,0.0165578783525066,0.0167100975893246,-0.0046842873677262,0.0385917510219296,10000,10000,global Bemis-Murcko scaffold cluster across fixed targets,601,positive favors source deletion
post_hoc_extension_float32_v4,deletion_vs_baseline_domain,deletion_vs_baseline,TPDdb,full_context_extra_trees,WIZ,delta_rmse,0.0108114653270328,0.0113857074265606,-0.0103772193725707,0.0296956211681388,10000,10000,global Bemis-Murcko scaffold cluster across fixed targets,601,positive favors source deletion
post_hoc_extension_float32_v4,deletion_vs_baseline_domain,deletion_vs_baseline,TPDdb,full_context_extra_trees,CDK2,delta_rmse,0.0122558851674828,0.0123782526166889,0.001808809742151,0.0233153267311026,10000,10000,global Bemis-Murcko scaffold cluster across fixed targets,601,positive favors source deletion
post_hoc_extension_float32_v4,deletion_vs_baseline_domain,deletion_vs_baseline,TPDdb,full_context_extra_trees,CCNK+CDK12,delta_rmse,0.0236928022675467,0.0226620700974285,0.0026084210600579,0.0410856965490386,10000,10000,global Bemis-Murcko scaffold cluster across fixed targets,601,positive favors source deletion
post_hoc_extension_float32_v4,deletion_vs_baseline_domain,deletion_vs_baseline,TPDdb,full_context_extra_trees,IKZF2,delta_rmse,0.0130781752387123,0.0111932140507106,-0.0155615297211046,0.0323864225050142,10000,10000,global Bemis-Murcko scaffold cluster across fixed targets,601,positive favors source deletion
post_hoc_extension_float32_v4,deletion_vs_baseline_domain,deletion_vs_baseline,TPDdb,full_context_extra_trees,IKZF1,delta_rmse,0.0264920649578284,0.0261073214354068,-0.0002093959182509,0.0557230493580228,10000,10000,global Bemis-Murcko scaffold cluster across fixed targets,601,positive favors source deletion
