analysis_identity,regime,protocol,similarity_bin,heldout_group,model_id,n_rows,n_unique_smiles,n_scaffolds,spearman,rmse,mae,spearman_non_estimable_reason,rmse_non_estimable_reason,mae_non_estimable_reason
post_hoc_extension_float32_v4,internal_scaffold_disjoint,scaffold,0.0_to_lt_0.4,pooled,chemistry_extra_trees,39,22,22,0.723268688211368,1.145143142977329,0.8356075885968332,,,
post_hoc_extension_float32_v4,internal_scaffold_disjoint,scaffold,0.0_to_lt_0.4,pooled,full_context_extra_trees,39,22,22,0.7840834554842298,1.1341211826361468,0.8193696376604911,,,
post_hoc_extension_float32_v4,internal_scaffold_disjoint,scaffold,0.4_to_lt_0.6,pooled,chemistry_extra_trees,168,90,55,0.277561610809363,1.1818350538309712,0.9590411680085318,,,
post_hoc_extension_float32_v4,internal_scaffold_disjoint,scaffold,0.4_to_lt_0.6,pooled,full_context_extra_trees,168,90,55,0.3983549238193331,1.1257296750980046,0.9075683849198476,,,
post_hoc_extension_float32_v4,internal_scaffold_disjoint,scaffold,0.6_to_lt_0.8,pooled,chemistry_extra_trees,874,630,371,0.6252645482214747,0.8100684189214823,0.6127411310951006,,,
post_hoc_extension_float32_v4,internal_scaffold_disjoint,scaffold,0.6_to_lt_0.8,pooled,full_context_extra_trees,874,630,371,0.6688926140582168,0.7682062922643834,0.5778893304907757,,,
post_hoc_extension_float32_v4,internal_scaffold_disjoint,scaffold,0.8_to_1.000001,pooled,chemistry_extra_trees,479,395,282,0.5688922043409831,0.6782954371580114,0.4691474082325595,,,
post_hoc_extension_float32_v4,internal_scaffold_disjoint,scaffold,0.8_to_1.000001,pooled,full_context_extra_trees,479,395,282,0.627157474819027,0.6444660878116718,0.4502920053199339,,,
post_hoc_extension_float32_v4,frozen_ood,source_ood,0.0_to_lt_0.4,MGDB,chemistry_extra_trees,195,190,105,0.093264603011759,0.6894815332733748,0.5036214082668989,,,
post_hoc_extension_float32_v4,frozen_ood,source_ood,0.0_to_lt_0.4,MGTbind,chemistry_extra_trees,545,531,319,0.0153375090983806,1.0912355476082485,0.9201137577721832,,,
post_hoc_extension_float32_v4,frozen_ood,source_ood,0.0_to_lt_0.4,MolGlueDB,chemistry_extra_trees,55,45,18,0.3638431121968515,1.0925437869416472,0.8349431384693492,,,
post_hoc_extension_float32_v4,frozen_ood,source_ood,0.0_to_lt_0.4,TPDdb,chemistry_extra_trees,3,2,2,0.8660254037844387,1.3414218663379325,1.0513448715209968,,,
post_hoc_extension_float32_v4,frozen_ood,source_ood,0.0_to_lt_0.4,MGDB,full_context_extra_trees,195,190,105,0.1119452414332776,0.6889384214397912,0.5018016754052578,,,
post_hoc_extension_float32_v4,frozen_ood,source_ood,0.0_to_lt_0.4,MGTbind,full_context_extra_trees,545,531,319,0.0673925538884769,1.0306552175073826,0.8614772044190573,,,
post_hoc_extension_float32_v4,frozen_ood,source_ood,0.0_to_lt_0.4,MolGlueDB,full_context_extra_trees,55,45,18,0.4086948695256846,1.0889733724425898,0.8481823747808283,,,
post_hoc_extension_float32_v4,frozen_ood,source_ood,0.0_to_lt_0.4,TPDdb,full_context_extra_trees,3,2,2,1.0,1.4745758798423678,1.1711799303690595,,,
post_hoc_extension_float32_v4,frozen_ood,source_ood,0.4_to_lt_0.6,MGDB,chemistry_extra_trees,104,100,73,-0.2994662676865728,0.7339260862973233,0.5554818052511948,,,
post_hoc_extension_float32_v4,frozen_ood,source_ood,0.4_to_lt_0.6,MGTbind,chemistry_extra_trees,106,76,46,0.2049583662424761,1.0944405647108837,0.8988607874456441,,,
post_hoc_extension_float32_v4,frozen_ood,source_ood,0.4_to_lt_0.6,MolGlueDB,chemistry_extra_trees,103,83,56,-0.0006426152804827,1.176715577036836,0.9501598367413272,,,
post_hoc_extension_float32_v4,frozen_ood,source_ood,0.4_to_lt_0.6,TPDdb,chemistry_extra_trees,47,47,26,0.4499741293530525,1.1212630012657383,0.9348164010555188,,,
post_hoc_extension_float32_v4,frozen_ood,source_ood,0.4_to_lt_0.6,MGDB,full_context_extra_trees,104,100,73,-0.2368442812074157,0.7195422701371466,0.5352021318215591,,,
post_hoc_extension_float32_v4,frozen_ood,source_ood,0.4_to_lt_0.6,MGTbind,full_context_extra_trees,106,76,46,-0.0146118169294668,1.1291680221410263,0.9097491210361696,,,
post_hoc_extension_float32_v4,frozen_ood,source_ood,0.4_to_lt_0.6,MolGlueDB,full_context_extra_trees,103,83,56,0.1286752699989059,1.1215351793494084,0.9016950014725472,,,
post_hoc_extension_float32_v4,frozen_ood,source_ood,0.4_to_lt_0.6,TPDdb,full_context_extra_trees,47,47,26,0.0069440452060656,1.287546933428337,1.15888933425254,,,
post_hoc_extension_float32_v4,frozen_ood,source_ood,0.6_to_lt_0.8,MGDB,chemistry_extra_trees,31,28,19,0.7454678507615193,1.1439600701654773,0.9742438408636278,,,
post_hoc_extension_float32_v4,frozen_ood,source_ood,0.6_to_lt_0.8,MGTbind,chemistry_extra_trees,68,34,17,0.0036301122774956,0.909884173694075,0.7627737031263464,,,
post_hoc_extension_float32_v4,frozen_ood,source_ood,0.6_to_lt_0.8,MolGlueDB,chemistry_extra_trees,89,84,50,0.2307617012670502,1.148803037329569,0.9685892898045227,,,
post_hoc_extension_float32_v4,frozen_ood,source_ood,0.6_to_lt_0.8,TPDdb,chemistry_extra_trees,51,51,22,0.4014221457284033,1.000790250580504,0.735722635306564,,,
post_hoc_extension_float32_v4,frozen_ood,source_ood,0.6_to_lt_0.8,MGDB,full_context_extra_trees,31,28,19,0.6680097020979211,1.1947741069954,1.0183664137317288,,,
post_hoc_extension_float32_v4,frozen_ood,source_ood,0.6_to_lt_0.8,MGTbind,full_context_extra_trees,68,34,17,-0.12416965719602,0.9935122125870792,0.816734888974358,,,
post_hoc_extension_float32_v4,frozen_ood,source_ood,0.6_to_lt_0.8,MolGlueDB,full_context_extra_trees,89,84,50,0.1768727190071687,1.1287349103545474,0.9315053586209758,,,
post_hoc_extension_float32_v4,frozen_ood,source_ood,0.6_to_lt_0.8,TPDdb,full_context_extra_trees,51,51,22,0.4501960233174704,0.9725748684325362,0.7262210004469928,,,
post_hoc_extension_float32_v4,frozen_ood,source_ood,0.8_to_1.000001,MGDB,chemistry_extra_trees,27,22,17,-0.0653705603777271,0.983632941804167,0.7803016945167824,,,
post_hoc_extension_float32_v4,frozen_ood,source_ood,0.8_to_1.000001,MGTbind,chemistry_extra_trees,36,23,22,0.1073113983309012,0.9834708172488168,0.782195938958062,,,
post_hoc_extension_float32_v4,frozen_ood,source_ood,0.8_to_1.000001,MolGlueDB,chemistry_extra_trees,42,35,28,0.5085178892371366,0.7126456693744512,0.5407679421561105,,,
post_hoc_extension_float32_v4,frozen_ood,source_ood,0.8_to_1.000001,TPDdb,chemistry_extra_trees,18,18,13,0.7378740970072238,0.5222674735894551,0.3936612870958116,,,
post_hoc_extension_float32_v4,frozen_ood,source_ood,0.8_to_1.000001,MGDB,full_context_extra_trees,27,22,17,-0.0609625732489964,0.9573793440640382,0.7598665908530906,,,
post_hoc_extension_float32_v4,frozen_ood,source_ood,0.8_to_1.000001,MGTbind,full_context_extra_trees,36,23,22,0.0926998841251448,0.9728293125762228,0.7785003980000814,,,
post_hoc_extension_float32_v4,frozen_ood,source_ood,0.8_to_1.000001,MolGlueDB,full_context_extra_trees,42,35,28,0.6886250206718045,0.6037864528520229,0.4852021194639659,,,
post_hoc_extension_float32_v4,frozen_ood,source_ood,0.8_to_1.000001,TPDdb,full_context_extra_trees,18,18,13,0.6842105263157895,0.6175672821757902,0.470669772889879,,,
post_hoc_extension_float32_v4,frozen_ood,target_ood,0.0_to_lt_0.4,CCNK+CDK12,chemistry_extra_trees,86,73,52,0.3039800307735974,0.8000070370031315,0.6575308677762054,,,
post_hoc_extension_float32_v4,frozen_ood,target_ood,0.0_to_lt_0.4,CDK2,chemistry_extra_trees,57,57,43,0.1011197719518052,0.4203984500004321,0.3512123258490311,,,
post_hoc_extension_float32_v4,frozen_ood,target_ood,0.0_to_lt_0.4,CSNK1A1,chemistry_extra_trees,2,2,2,,1.6950982589191694,1.6776401996612549,fewer_than_3_rows,,
post_hoc_extension_float32_v4,frozen_ood,target_ood,0.0_to_lt_0.4,GSPT1,chemistry_extra_trees,19,15,14,0.1613268303680606,0.9882561634554666,0.654292483078806,,,
post_hoc_extension_float32_v4,frozen_ood,target_ood,0.0_to_lt_0.4,IKZF2,chemistry_extra_trees,4,2,1,-1.0,1.4435135942027204,1.3859202861785889,,,
post_hoc_extension_float32_v4,frozen_ood,target_ood,0.0_to_lt_0.4,VAV1,chemistry_extra_trees,444,395,224,0.1787712189504653,1.0233323388265572,0.7999354676083401,,,
post_hoc_extension_float32_v4,frozen_ood,target_ood,0.0_to_lt_0.4,WIZ,chemistry_extra_trees,128,115,44,0.2242418087067869,0.5318134114194571,0.4233029782772064,,,
post_hoc_extension_float32_v4,frozen_ood,target_ood,0.0_to_lt_0.4,CCNK+CDK12,full_context_extra_trees,86,73,52,0.3348982500583158,0.8188423824829099,0.6783897045046784,,,
post_hoc_extension_float32_v4,frozen_ood,target_ood,0.0_to_lt_0.4,CDK2,full_context_extra_trees,57,57,43,-0.0711403523827604,0.4357724921339107,0.3596808617575127,,,
post_hoc_extension_float32_v4,frozen_ood,target_ood,0.0_to_lt_0.4,CSNK1A1,full_context_extra_trees,2,2,2,,1.7081296763533549,1.6903994083404543,fewer_than_3_rows,,
post_hoc_extension_float32_v4,frozen_ood,target_ood,0.0_to_lt_0.4,GSPT1,full_context_extra_trees,19,15,14,0.1272973140550098,0.9843877502077824,0.6340138786717465,,,
post_hoc_extension_float32_v4,frozen_ood,target_ood,0.0_to_lt_0.4,IKZF2,full_context_extra_trees,4,2,1,-0.8944271909999159,1.5449268953056456,1.492879152297974,,,
post_hoc_extension_float32_v4,frozen_ood,target_ood,0.0_to_lt_0.4,VAV1,full_context_extra_trees,444,395,224,0.1933375853174468,1.025931851965729,0.7909019798845858,,,
post_hoc_extension_float32_v4,frozen_ood,target_ood,0.0_to_lt_0.4,WIZ,full_context_extra_trees,128,115,44,0.0568679154037807,0.4912431271048775,0.3872342742979526,,,
post_hoc_extension_float32_v4,frozen_ood,target_ood,0.4_to_lt_0.6,CDK2,chemistry_extra_trees,85,85,65,-0.1000982025525067,0.5858441440706189,0.4422560243045582,,,
post_hoc_extension_float32_v4,frozen_ood,target_ood,0.4_to_lt_0.6,CSNK1A1,chemistry_extra_trees,102,92,52,0.0997764433921103,1.1195601862774187,0.9715660413106284,,,
post_hoc_extension_float32_v4,frozen_ood,target_ood,0.4_to_lt_0.6,GSPT1,chemistry_extra_trees,110,71,51,0.3012074301687156,1.181441035450138,1.0040467348965731,,,
post_hoc_extension_float32_v4,frozen_ood,target_ood,0.4_to_lt_0.6,IKZF1,chemistry_extra_trees,12,12,9,0.1225921319592106,0.965988104965258,0.8123209079106649,,,
post_hoc_extension_float32_v4,frozen_ood,target_ood,0.4_to_lt_0.6,IKZF2,chemistry_extra_trees,49,43,25,-0.1161757963700305,1.0394566022246297,0.8746623019782864,,,
post_hoc_extension_float32_v4,frozen_ood,target_ood,0.4_to_lt_0.6,VAV1,chemistry_extra_trees,11,9,8,-0.0642201834862385,0.8541606743179538,0.7044797810641202,,,
post_hoc_extension_float32_v4,frozen_ood,target_ood,0.4_to_lt_0.6,WIZ,chemistry_extra_trees,22,8,3,0.753867624118021,0.736199923066674,0.6689032858068292,,,
post_hoc_extension_float32_v4,frozen_ood,target_ood,0.4_to_lt_0.6,CDK2,full_context_extra_trees,85,85,65,-0.2747912585105032,0.6112114117887922,0.4664348153507007,,,
post_hoc_extension_float32_v4,frozen_ood,target_ood,0.4_to_lt_0.6,CSNK1A1,full_context_extra_trees,102,92,52,0.0836471032802745,1.1368175202260655,0.9898967415678734,,,
post_hoc_extension_float32_v4,frozen_ood,target_ood,0.4_to_lt_0.6,GSPT1,full_context_extra_trees,110,71,51,-0.1886214778456077,1.2445972322620844,1.0616230747916482,,,
post_hoc_extension_float32_v4,frozen_ood,target_ood,0.4_to_lt_0.6,IKZF1,full_context_extra_trees,12,12,9,0.1576184553761279,0.909373495849507,0.751119057337443,,,
post_hoc_extension_float32_v4,frozen_ood,target_ood,0.4_to_lt_0.6,IKZF2,full_context_extra_trees,49,43,25,-0.0894661673057041,1.0583334289636888,0.9014887615126006,,,
post_hoc_extension_float32_v4,frozen_ood,target_ood,0.4_to_lt_0.6,VAV1,full_context_extra_trees,11,9,8,0.1643852753918003,0.8341453769819728,0.6643597862937234,,,
post_hoc_extension_float32_v4,frozen_ood,target_ood,0.4_to_lt_0.6,WIZ,full_context_extra_trees,22,8,3,0.5346040399275577,0.6050924812307347,0.5340283133766869,,,
post_hoc_extension_float32_v4,frozen_ood,target_ood,0.6_to_lt_0.8,CDK2,chemistry_extra_trees,3,3,3,-1.0,0.5426033857850547,0.4983878135681152,,,
post_hoc_extension_float32_v4,frozen_ood,target_ood,0.6_to_lt_0.8,CSNK1A1,chemistry_extra_trees,47,37,16,0.4143159009774704,0.8816352211218546,0.7749184649041359,,,
post_hoc_extension_float32_v4,frozen_ood,target_ood,0.6_to_lt_0.8,GSPT1,chemistry_extra_trees,19,14,8,-0.0291005404152809,1.2037314785868047,1.0374616070797569,,,
post_hoc_extension_float32_v4,frozen_ood,target_ood,0.6_to_lt_0.8,IKZF1,chemistry_extra_trees,31,27,15,0.1119854721549636,1.0526671238122185,0.8564775066991006,,,
post_hoc_extension_float32_v4,frozen_ood,target_ood,0.6_to_lt_0.8,IKZF2,chemistry_extra_trees,18,16,7,0.3195456679439276,0.3997175824154984,0.322750276989407,,,
post_hoc_extension_float32_v4,frozen_ood,target_ood,0.6_to_lt_0.8,CDK2,full_context_extra_trees,3,3,3,-1.0,0.6155411640122519,0.5210178693135582,,,
post_hoc_extension_float32_v4,frozen_ood,target_ood,0.6_to_lt_0.8,CSNK1A1,full_context_extra_trees,47,37,16,0.4449715767542382,0.9249465914679252,0.8210396259389026,,,
post_hoc_extension_float32_v4,frozen_ood,target_ood,0.6_to_lt_0.8,GSPT1,full_context_extra_trees,19,14,8,-0.0043994929260693,1.257341331245022,1.0880037859866494,,,
post_hoc_extension_float32_v4,frozen_ood,target_ood,0.6_to_lt_0.8,IKZF1,full_context_extra_trees,31,27,15,0.0705929867842673,1.0254299862073228,0.8518099169577321,,,
post_hoc_extension_float32_v4,frozen_ood,target_ood,0.6_to_lt_0.8,IKZF2,full_context_extra_trees,18,16,7,0.0691434468524251,0.456668597093178,0.3581116729312471,,,
post_hoc_extension_float32_v4,frozen_ood,target_ood,0.8_to_1.000001,CSNK1A1,chemistry_extra_trees,8,8,4,-0.119047619047619,1.3460056430819598,1.1798325777053833,,,
post_hoc_extension_float32_v4,frozen_ood,target_ood,0.8_to_1.000001,GSPT1,chemistry_extra_trees,6,6,3,0.4857142857142857,0.9442026156809172,0.783350944519043,,,
post_hoc_extension_float32_v4,frozen_ood,target_ood,0.8_to_1.000001,IKZF1,chemistry_extra_trees,22,21,14,0.343988808456147,0.7977650961759344,0.6426314440640536,,,
post_hoc_extension_float32_v4,frozen_ood,target_ood,0.8_to_1.000001,IKZF2,chemistry_extra_trees,5,4,3,0.6668859288553501,0.5228384254880567,0.4527000427246094,,,
post_hoc_extension_float32_v4,frozen_ood,target_ood,0.8_to_1.000001,CSNK1A1,full_context_extra_trees,8,8,4,-0.1904761904761905,1.2886960302680377,1.114731252193451,,,
post_hoc_extension_float32_v4,frozen_ood,target_ood,0.8_to_1.000001,GSPT1,full_context_extra_trees,6,6,3,0.6,0.9803428594327956,0.8282717863718667,,,
post_hoc_extension_float32_v4,frozen_ood,target_ood,0.8_to_1.000001,IKZF1,full_context_extra_trees,22,21,14,0.2714933863797022,0.7846261046188112,0.616707996888594,,,
post_hoc_extension_float32_v4,frozen_ood,target_ood,0.8_to_1.000001,IKZF2,full_context_extra_trees,5,4,3,0.7,0.548417015448213,0.4259928703308105,,,
post_hoc_extension_float32_v4,strict_domain_scaffold_ood,source_ood,0.0_to_lt_0.4,MGDB,chemistry_extra_trees,199,194,108,0.233866377860149,0.6691108794809382,0.490095420099383,,,
post_hoc_extension_float32_v4,strict_domain_scaffold_ood,source_ood,0.0_to_lt_0.4,MGTbind,chemistry_extra_trees,545,531,319,-0.0450934431858145,1.121518450566164,0.9538037133873056,,,
post_hoc_extension_float32_v4,strict_domain_scaffold_ood,source_ood,0.0_to_lt_0.4,MolGlueDB,chemistry_extra_trees,67,56,26,0.422348423462451,1.0991847772851964,0.8534310255477677,,,
post_hoc_extension_float32_v4,strict_domain_scaffold_ood,source_ood,0.0_to_lt_0.4,TPDdb,chemistry_extra_trees,3,2,2,0.8660254037844387,1.3360186547770154,1.0610000292460124,,,
post_hoc_extension_float32_v4,strict_domain_scaffold_ood,source_ood,0.0_to_lt_0.4,MGDB,full_context_extra_trees,199,194,108,0.1131017054718149,0.6959162129431534,0.5120051817678327,,,
post_hoc_extension_float32_v4,strict_domain_scaffold_ood,source_ood,0.0_to_lt_0.4,MGTbind,full_context_extra_trees,545,531,319,-0.0815811590436279,1.0782827887103612,0.911042322806262,,,
post_hoc_extension_float32_v4,strict_domain_scaffold_ood,source_ood,0.0_to_lt_0.4,MolGlueDB,full_context_extra_trees,67,56,26,0.5064607238469411,1.0569209073773538,0.8195747973313973,,,
post_hoc_extension_float32_v4,strict_domain_scaffold_ood,source_ood,0.0_to_lt_0.4,TPDdb,full_context_extra_trees,3,2,2,1.0,1.4364404487327358,1.1509207089742024,,,
post_hoc_extension_float32_v4,strict_domain_scaffold_ood,source_ood,0.4_to_lt_0.6,MGDB,chemistry_extra_trees,116,108,78,-0.2221850587849748,0.7911072151661676,0.5947972453873733,,,
post_hoc_extension_float32_v4,strict_domain_scaffold_ood,source_ood,0.4_to_lt_0.6,MGTbind,chemistry_extra_trees,124,90,54,0.2077023802371451,1.1089547260016184,0.9324476641993368,,,
post_hoc_extension_float32_v4,strict_domain_scaffold_ood,source_ood,0.4_to_lt_0.6,MolGlueDB,chemistry_extra_trees,139,115,74,0.3169511689257269,1.0538515233108234,0.8610916926706438,,,
post_hoc_extension_float32_v4,strict_domain_scaffold_ood,source_ood,0.4_to_lt_0.6,TPDdb,chemistry_extra_trees,53,53,29,0.216346254653076,1.32189863851193,1.1400398848191746,,,
post_hoc_extension_float32_v4,strict_domain_scaffold_ood,source_ood,0.4_to_lt_0.6,MGDB,full_context_extra_trees,116,108,78,-0.2056784893622367,0.7989121254396164,0.595698751252273,,,
post_hoc_extension_float32_v4,strict_domain_scaffold_ood,source_ood,0.4_to_lt_0.6,MGTbind,full_context_extra_trees,124,90,54,-0.1571224665520346,1.1817426839707768,0.9858711573385424,,,
post_hoc_extension_float32_v4,strict_domain_scaffold_ood,source_ood,0.4_to_lt_0.6,MolGlueDB,full_context_extra_trees,139,115,74,0.2634282176294887,1.0794275988040385,0.8827241479064063,,,
post_hoc_extension_float32_v4,strict_domain_scaffold_ood,source_ood,0.4_to_lt_0.6,TPDdb,full_context_extra_trees,53,53,29,-0.2741973804074814,1.4011729132798876,1.240942118302831,,,
post_hoc_extension_float32_v4,strict_domain_scaffold_ood,source_ood,0.6_to_lt_0.8,MGDB,chemistry_extra_trees,31,29,23,0.6508135444914793,0.9133482071862824,0.7460699696694651,,,
post_hoc_extension_float32_v4,strict_domain_scaffold_ood,source_ood,0.6_to_lt_0.8,MGTbind,chemistry_extra_trees,57,26,11,0.0112465428335536,0.8979761605771676,0.7645666139167652,,,
post_hoc_extension_float32_v4,strict_domain_scaffold_ood,source_ood,0.6_to_lt_0.8,MolGlueDB,chemistry_extra_trees,64,60,36,-0.0296458309337286,1.1395907664458458,0.957583025097847,,,
post_hoc_extension_float32_v4,strict_domain_scaffold_ood,source_ood,0.6_to_lt_0.8,TPDdb,chemistry_extra_trees,55,55,27,0.2088836016334007,0.9384764085452362,0.6720684658397328,,,
post_hoc_extension_float32_v4,strict_domain_scaffold_ood,source_ood,0.6_to_lt_0.8,MGDB,full_context_extra_trees,31,29,23,0.4143895008747259,1.0305108194652224,0.8211261226284888,,,
post_hoc_extension_float32_v4,strict_domain_scaffold_ood,source_ood,0.6_to_lt_0.8,MGTbind,full_context_extra_trees,57,26,11,-0.0839222049193726,0.9923271519052178,0.8283842571994715,,,
post_hoc_extension_float32_v4,strict_domain_scaffold_ood,source_ood,0.6_to_lt_0.8,MolGlueDB,full_context_extra_trees,64,60,36,-0.0093318833029397,0.9965786356185868,0.8217463791370392,,,
post_hoc_extension_float32_v4,strict_domain_scaffold_ood,source_ood,0.6_to_lt_0.8,TPDdb,full_context_extra_trees,55,55,27,0.1560943963838472,0.9556487236582188,0.6925650683316318,,,
post_hoc_extension_float32_v4,strict_domain_scaffold_ood,source_ood,0.8_to_1.000001,MGDB,chemistry_extra_trees,11,9,9,-0.0733975843417573,1.2341470986000973,0.9991728609258476,,,
post_hoc_extension_float32_v4,strict_domain_scaffold_ood,source_ood,0.8_to_1.000001,MGTbind,chemistry_extra_trees,29,17,16,-0.038114538666798,1.119939944095039,0.8592525679489662,,,
post_hoc_extension_float32_v4,strict_domain_scaffold_ood,source_ood,0.8_to_1.000001,MolGlueDB,chemistry_extra_trees,19,16,14,-0.085463384344728,0.821493167234046,0.6335614354986894,,,
post_hoc_extension_float32_v4,strict_domain_scaffold_ood,source_ood,0.8_to_1.000001,TPDdb,chemistry_extra_trees,8,8,6,0.5476190476190477,0.5416147245627639,0.4385904669761659,,,
post_hoc_extension_float32_v4,strict_domain_scaffold_ood,source_ood,0.8_to_1.000001,MGDB,full_context_extra_trees,11,9,9,-0.0182232819031282,1.2383969301590332,1.0216256054964932,,,
post_hoc_extension_float32_v4,strict_domain_scaffold_ood,source_ood,0.8_to_1.000001,MGTbind,full_context_extra_trees,29,17,16,0.0869779534581599,1.0605368513307942,0.812991816422035,,,
post_hoc_extension_float32_v4,strict_domain_scaffold_ood,source_ood,0.8_to_1.000001,MolGlueDB,full_context_extra_trees,19,16,14,0.075438596491228,0.6319037941337491,0.5037269843252081,,,
post_hoc_extension_float32_v4,strict_domain_scaffold_ood,source_ood,0.8_to_1.000001,TPDdb,full_context_extra_trees,8,8,6,0.7142857142857144,0.4839092536083249,0.3955418467521667,,,
post_hoc_extension_float32_v4,strict_domain_scaffold_ood,target_ood,0.0_to_lt_0.4,CCNK+CDK12,chemistry_extra_trees,86,73,52,0.3039800307735974,0.8000070370031315,0.6575308677762054,,,
post_hoc_extension_float32_v4,strict_domain_scaffold_ood,target_ood,0.0_to_lt_0.4,CDK2,chemistry_extra_trees,57,57,43,0.1011197719518052,0.4203984500004321,0.3512123258490311,,,
post_hoc_extension_float32_v4,strict_domain_scaffold_ood,target_ood,0.0_to_lt_0.4,CSNK1A1,chemistry_extra_trees,2,2,2,,1.6443242828569098,1.621124505996704,fewer_than_3_rows,,
post_hoc_extension_float32_v4,strict_domain_scaffold_ood,target_ood,0.0_to_lt_0.4,GSPT1,chemistry_extra_trees,23,19,18,0.0363128473695083,1.123129314096635,0.8137114151664402,,,
post_hoc_extension_float32_v4,strict_domain_scaffold_ood,target_ood,0.0_to_lt_0.4,IKZF2,chemistry_extra_trees,4,2,1,-1.0,1.4435135942027204,1.3859202861785889,,,
post_hoc_extension_float32_v4,strict_domain_scaffold_ood,target_ood,0.0_to_lt_0.4,VAV1,chemistry_extra_trees,444,395,224,0.1787712189504653,1.0233323388265572,0.7999354676083401,,,
post_hoc_extension_float32_v4,strict_domain_scaffold_ood,target_ood,0.0_to_lt_0.4,WIZ,chemistry_extra_trees,128,115,44,0.2242418087067869,0.5318134114194571,0.4233029782772064,,,
post_hoc_extension_float32_v4,strict_domain_scaffold_ood,target_ood,0.0_to_lt_0.4,CCNK+CDK12,full_context_extra_trees,86,73,52,0.3348982500583158,0.8188423824829099,0.6783897045046784,,,
post_hoc_extension_float32_v4,strict_domain_scaffold_ood,target_ood,0.0_to_lt_0.4,CDK2,full_context_extra_trees,57,57,43,-0.0711403523827604,0.4357724921339107,0.3596808617575127,,,
post_hoc_extension_float32_v4,strict_domain_scaffold_ood,target_ood,0.0_to_lt_0.4,CSNK1A1,full_context_extra_trees,2,2,2,,1.65934015686119,1.6350247859954834,fewer_than_3_rows,,
post_hoc_extension_float32_v4,strict_domain_scaffold_ood,target_ood,0.0_to_lt_0.4,GSPT1,full_context_extra_trees,23,19,18,0.303680565043809,1.1125132901453945,0.8030287493830142,,,
post_hoc_extension_float32_v4,strict_domain_scaffold_ood,target_ood,0.0_to_lt_0.4,IKZF2,full_context_extra_trees,4,2,1,-0.8944271909999159,1.5449268953056456,1.492879152297974,,,
post_hoc_extension_float32_v4,strict_domain_scaffold_ood,target_ood,0.0_to_lt_0.4,VAV1,full_context_extra_trees,444,395,224,0.1933375853174468,1.025931851965729,0.7909019798845858,,,
post_hoc_extension_float32_v4,strict_domain_scaffold_ood,target_ood,0.0_to_lt_0.4,WIZ,full_context_extra_trees,128,115,44,0.0568679154037807,0.4912431271048775,0.3872342742979526,,,
post_hoc_extension_float32_v4,strict_domain_scaffold_ood,target_ood,0.4_to_lt_0.6,CDK2,chemistry_extra_trees,85,85,65,-0.1000982025525067,0.5858441440706189,0.4422560243045582,,,
post_hoc_extension_float32_v4,strict_domain_scaffold_ood,target_ood,0.4_to_lt_0.6,CSNK1A1,chemistry_extra_trees,149,131,65,0.1161422469306672,1.0586017028742485,0.9246010812336968,,,
post_hoc_extension_float32_v4,strict_domain_scaffold_ood,target_ood,0.4_to_lt_0.6,GSPT1,chemistry_extra_trees,107,68,48,0.2715045833068351,1.1510209547371817,0.9734260523430656,,,
post_hoc_extension_float32_v4,strict_domain_scaffold_ood,target_ood,0.4_to_lt_0.6,IKZF1,chemistry_extra_trees,31,28,18,0.1446585299401195,0.8935302339742672,0.718906202623921,,,
post_hoc_extension_float32_v4,strict_domain_scaffold_ood,target_ood,0.4_to_lt_0.6,IKZF2,chemistry_extra_trees,49,43,25,-0.1161757963700305,1.0394566022246297,0.8746623019782864,,,
post_hoc_extension_float32_v4,strict_domain_scaffold_ood,target_ood,0.4_to_lt_0.6,VAV1,chemistry_extra_trees,11,9,8,-0.0642201834862385,0.8541606743179538,0.7044797810641202,,,
post_hoc_extension_float32_v4,strict_domain_scaffold_ood,target_ood,0.4_to_lt_0.6,WIZ,chemistry_extra_trees,22,8,3,0.753867624118021,0.736199923066674,0.6689032858068292,,,
post_hoc_extension_float32_v4,strict_domain_scaffold_ood,target_ood,0.4_to_lt_0.6,CDK2,full_context_extra_trees,85,85,65,-0.2747912585105032,0.6112114117887922,0.4664348153507007,,,
post_hoc_extension_float32_v4,strict_domain_scaffold_ood,target_ood,0.4_to_lt_0.6,CSNK1A1,full_context_extra_trees,149,131,65,0.0341372370289306,1.0805547677230751,0.9488753824426024,,,
post_hoc_extension_float32_v4,strict_domain_scaffold_ood,target_ood,0.4_to_lt_0.6,GSPT1,full_context_extra_trees,107,68,48,-0.1276567630975304,1.21088838849435,1.022714142487428,,,
post_hoc_extension_float32_v4,strict_domain_scaffold_ood,target_ood,0.4_to_lt_0.6,IKZF1,full_context_extra_trees,31,28,18,0.0580879434110543,0.9164482041059748,0.7347427491218813,,,
post_hoc_extension_float32_v4,strict_domain_scaffold_ood,target_ood,0.4_to_lt_0.6,IKZF2,full_context_extra_trees,49,43,25,-0.0894661673057041,1.0583334289636888,0.9014887615126006,,,
post_hoc_extension_float32_v4,strict_domain_scaffold_ood,target_ood,0.4_to_lt_0.6,VAV1,full_context_extra_trees,11,9,8,0.1643852753918003,0.8341453769819728,0.6643597862937234,,,
post_hoc_extension_float32_v4,strict_domain_scaffold_ood,target_ood,0.4_to_lt_0.6,WIZ,full_context_extra_trees,22,8,3,0.5346040399275577,0.6050924812307347,0.5340283133766869,,,
post_hoc_extension_float32_v4,strict_domain_scaffold_ood,target_ood,0.6_to_lt_0.8,CDK2,chemistry_extra_trees,3,3,3,-1.0,0.5426033857850547,0.4983878135681152,,,
post_hoc_extension_float32_v4,strict_domain_scaffold_ood,target_ood,0.6_to_lt_0.8,CSNK1A1,chemistry_extra_trees,8,6,5,-0.2439024390243902,1.2062185000512775,0.9779965281486512,,,
post_hoc_extension_float32_v4,strict_domain_scaffold_ood,target_ood,0.6_to_lt_0.8,GSPT1,chemistry_extra_trees,21,16,8,-0.0997392649997016,1.3123380871281172,1.1294257527305966,,,
post_hoc_extension_float32_v4,strict_domain_scaffold_ood,target_ood,0.6_to_lt_0.8,IKZF1,chemistry_extra_trees,27,26,16,-0.078637960910645,0.8600934289811373,0.6708937044496888,,,
post_hoc_extension_float32_v4,strict_domain_scaffold_ood,target_ood,0.6_to_lt_0.8,IKZF2,chemistry_extra_trees,18,16,7,0.3195456679439276,0.3997175824154984,0.322750276989407,,,
post_hoc_extension_float32_v4,strict_domain_scaffold_ood,target_ood,0.6_to_lt_0.8,CDK2,full_context_extra_trees,3,3,3,-1.0,0.6155411640122519,0.5210178693135582,,,
post_hoc_extension_float32_v4,strict_domain_scaffold_ood,target_ood,0.6_to_lt_0.8,CSNK1A1,full_context_extra_trees,8,6,5,-0.2409813463559399,1.1955637540813338,0.9904184937477112,,,
post_hoc_extension_float32_v4,strict_domain_scaffold_ood,target_ood,0.6_to_lt_0.8,GSPT1,full_context_extra_trees,21,16,8,-0.1757245040658791,1.4016437849077663,1.235219228835333,,,
post_hoc_extension_float32_v4,strict_domain_scaffold_ood,target_ood,0.6_to_lt_0.8,IKZF1,full_context_extra_trees,27,26,16,-0.066412213740458,0.8829462633508971,0.6701579800358525,,,
post_hoc_extension_float32_v4,strict_domain_scaffold_ood,target_ood,0.6_to_lt_0.8,IKZF2,full_context_extra_trees,18,16,7,0.0691434468524251,0.456668597093178,0.3581116729312471,,,
post_hoc_extension_float32_v4,strict_domain_scaffold_ood,target_ood,0.8_to_1.000001,GSPT1,chemistry_extra_trees,3,3,2,0.5,0.9540438988212806,0.7524031003316244,,,
post_hoc_extension_float32_v4,strict_domain_scaffold_ood,target_ood,0.8_to_1.000001,IKZF1,chemistry_extra_trees,7,6,5,-0.0360374985078223,0.7380894393893165,0.669445787157331,,,
post_hoc_extension_float32_v4,strict_domain_scaffold_ood,target_ood,0.8_to_1.000001,IKZF2,chemistry_extra_trees,5,4,3,0.6668859288553501,0.5228384254880567,0.4527000427246094,,,
post_hoc_extension_float32_v4,strict_domain_scaffold_ood,target_ood,0.8_to_1.000001,GSPT1,full_context_extra_trees,3,3,2,0.5,0.9703097418400284,0.7729519208272295,,,
post_hoc_extension_float32_v4,strict_domain_scaffold_ood,target_ood,0.8_to_1.000001,IKZF1,full_context_extra_trees,7,6,5,-0.0714285714285714,0.6513820140325236,0.5777472087315149,,,
post_hoc_extension_float32_v4,strict_domain_scaffold_ood,target_ood,0.8_to_1.000001,IKZF2,full_context_extra_trees,5,4,3,0.7,0.548417015448213,0.4259928703308105,,,
