analysis_identity,weight_mode,fit_stage,n_fit_rows,clipping_fraction,effective_sample_size,effective_sample_fraction
post_hoc_extension_float32_v4,compound_equal,inner,936,0.0,802.7637300692546,0.8576535577662977
post_hoc_extension_float32_v4,domain_balanced_clipped,inner,936,0.0331196581196581,164.51225108248775,0.1757609520112048
post_hoc_extension_float32_v4,compound_equal,inner,936,0.0,794.6011183597388,0.8489328187604047
post_hoc_extension_float32_v4,domain_balanced_clipped,inner,936,0.0309829059829059,169.51773268248436,0.181108688763338
post_hoc_extension_float32_v4,compound_equal,inner,936,0.0,799.2898516706924,0.8539421492208252
post_hoc_extension_float32_v4,domain_balanced_clipped,inner,936,0.0395299145299145,162.59980450159244,0.1737177398521286
post_hoc_extension_float32_v4,compound_equal,inner,936,0.0,812.6318758815229,0.8681964485913706
post_hoc_extension_float32_v4,domain_balanced_clipped,inner,936,0.0299145299145299,170.70251250813715,0.1823744791753602
post_hoc_extension_float32_v4,compound_equal,outer_final,1248,0.0,1069.7350407848955,0.8571594878084099
post_hoc_extension_float32_v4,domain_balanced_clipped,outer_final,1248,0.0256410256410256,217.08445013167315,0.1739458735029432
post_hoc_extension_float32_v4,compound_equal,inner,936,0.0,777.7381748455134,0.8309168534674288
post_hoc_extension_float32_v4,domain_balanced_clipped,inner,936,0.0363247863247863,161.38749957884127,0.1724225422850868
post_hoc_extension_float32_v4,compound_equal,inner,936,0.0,785.8507593012864,0.8395841445526564
post_hoc_extension_float32_v4,domain_balanced_clipped,inner,936,0.0277777777777777,183.90073224584927,0.1964751412883005
post_hoc_extension_float32_v4,compound_equal,inner,936,0.0,786.5016539295084,0.8402795447964834
post_hoc_extension_float32_v4,domain_balanced_clipped,inner,936,0.0277777777777777,177.93257630591864,0.1900989063097421
post_hoc_extension_float32_v4,compound_equal,inner,936,0.0,781.3972575969777,0.834826129911301
post_hoc_extension_float32_v4,domain_balanced_clipped,inner,936,0.0341880341880341,166.86930013997048,0.1782791668162077
post_hoc_extension_float32_v4,compound_equal,outer_final,1248,0.0,1043.7925694230194,0.8363722511402398
post_hoc_extension_float32_v4,domain_balanced_clipped,outer_final,1248,0.0232371794871794,226.8663842190043,0.1817839617139457
post_hoc_extension_float32_v4,compound_equal,inner,936,0.0,793.4344080992706,0.8476863334393917
post_hoc_extension_float32_v4,domain_balanced_clipped,inner,936,0.0267094017094017,174.2706740947514,0.1861866176225976
post_hoc_extension_float32_v4,compound_equal,inner,936,0.0,776.0959873921131,0.8291623796924286
post_hoc_extension_float32_v4,domain_balanced_clipped,inner,936,0.0331196581196581,166.7200362474848,0.1781196968456034
post_hoc_extension_float32_v4,compound_equal,inner,936,0.0,790.8385315594678,0.8449129610678074
post_hoc_extension_float32_v4,domain_balanced_clipped,inner,936,0.0341880341880341,170.3324431783922,0.1819791059598207
post_hoc_extension_float32_v4,compound_equal,inner,936,0.0,785.9515903912453,0.8396918700761168
post_hoc_extension_float32_v4,domain_balanced_clipped,inner,936,0.032051282051282,174.6007538443145,0.1865392669276864
post_hoc_extension_float32_v4,compound_equal,outer_final,1248,0.0,1048.691054194949,0.8402973190664655
post_hoc_extension_float32_v4,domain_balanced_clipped,outer_final,1248,0.0248397435897435,225.2013095947542,0.1804497673034889
post_hoc_extension_float32_v4,compound_equal,inner,936,0.0,778.0453285189243,0.8312450091014149
post_hoc_extension_float32_v4,domain_balanced_clipped,inner,936,0.0363247863247863,162.63745497984397,0.1737579647220555
post_hoc_extension_float32_v4,compound_equal,inner,936,0.0,770.0651162790697,0.8227191413237924
post_hoc_extension_float32_v4,domain_balanced_clipped,inner,936,0.0384615384615384,165.3570084223076,0.1766634705366534
post_hoc_extension_float32_v4,compound_equal,inner,936,0.0,782.5470235507397,0.8360545123405339
post_hoc_extension_float32_v4,domain_balanced_clipped,inner,936,0.0438034188034188,155.95194025285187,0.1666153207829614
post_hoc_extension_float32_v4,compound_equal,inner,936,0.0,776.850583971003,0.8299685726185929
post_hoc_extension_float32_v4,domain_balanced_clipped,inner,936,0.0331196581196581,174.38551620450744,0.1863093121843028
post_hoc_extension_float32_v4,compound_equal,outer_final,1248,0.0,1035.7639391520177,0.8299390538077065
post_hoc_extension_float32_v4,domain_balanced_clipped,outer_final,1248,0.032051282051282,210.51915415099123,0.1686852196722686
post_hoc_extension_float32_v4,compound_equal,inner,936,0.0,774.1216609734032,0.8270530565955162
post_hoc_extension_float32_v4,domain_balanced_clipped,inner,936,0.0224358974358974,184.89564518179716,0.1975380824591849
post_hoc_extension_float32_v4,compound_equal,inner,936,0.0,782.6279839961732,0.8361410085429201
post_hoc_extension_float32_v4,domain_balanced_clipped,inner,936,0.0277777777777777,175.5593745835678,0.1875634343841536
post_hoc_extension_float32_v4,compound_equal,inner,936,0.0,786.953133942734,0.8407618952379636
post_hoc_extension_float32_v4,domain_balanced_clipped,inner,936,0.0277777777777777,180.73066111889824,0.193088313161216
post_hoc_extension_float32_v4,compound_equal,inner,936,0.0,774.1003297220911,0.8270302667971059
post_hoc_extension_float32_v4,domain_balanced_clipped,inner,936,0.032051282051282,172.1713049624059,0.1839437018829122
post_hoc_extension_float32_v4,compound_equal,outer_final,1248,0.0,1039.2446080944994,0.832728051357772
post_hoc_extension_float32_v4,domain_balanced_clipped,outer_final,1248,0.0240384615384615,224.6360854024386,0.179996863303236
post_hoc_extension_float32_v4,compound_equal,inner,936,0.0,782.3246286535699,0.8358169109546687
post_hoc_extension_float32_v4,domain_balanced_clipped,inner,936,0.0331196581196581,169.6161937491762,0.1812138822106583
post_hoc_extension_float32_v4,compound_equal,inner,936,0.0,798.3647671143085,0.8529538110195604
post_hoc_extension_float32_v4,domain_balanced_clipped,inner,936,0.0288461538461538,174.89714581186325,0.1868559250126744
post_hoc_extension_float32_v4,compound_equal,inner,936,0.0,786.7067430386206,0.8404986570925435
post_hoc_extension_float32_v4,domain_balanced_clipped,inner,936,0.032051282051282,174.7433655956066,0.1866916299098361
post_hoc_extension_float32_v4,compound_equal,inner,936,0.0,771.106680884603,0.8238319240220117
post_hoc_extension_float32_v4,domain_balanced_clipped,inner,936,0.0277777777777777,187.5177375413683,0.2003394631852225
post_hoc_extension_float32_v4,compound_equal,outer_final,1248,0.0,1046.091695454587,0.8382144995629702
post_hoc_extension_float32_v4,domain_balanced_clipped,outer_final,1248,0.0216346153846153,235.0724323512674,0.1883593207942847
post_hoc_extension_float32_v4,compound_equal,inner,936,0.0,791.34831280729,0.8454575991530876
post_hoc_extension_float32_v4,domain_balanced_clipped,inner,936,0.0341880341880341,173.34360827834735,0.185196162690542
post_hoc_extension_float32_v4,compound_equal,inner,936,0.0,787.9051987767584,0.8417790585221778
post_hoc_extension_float32_v4,domain_balanced_clipped,inner,936,0.032051282051282,169.6962033724363,0.1812993625773891
post_hoc_extension_float32_v4,compound_equal,inner,936,0.0,789.8496222625996,0.8438564340412389
post_hoc_extension_float32_v4,domain_balanced_clipped,inner,936,0.0427350427350427,159.9468185237572,0.1708833531236722
post_hoc_extension_float32_v4,compound_equal,inner,936,0.0,778.4489485831787,0.8316762271187806
post_hoc_extension_float32_v4,domain_balanced_clipped,inner,936,0.0309829059829059,176.03528404566657,0.1880718846641736
post_hoc_extension_float32_v4,compound_equal,outer_final,1248,0.0,1049.168391168531,0.8406798006158098
post_hoc_extension_float32_v4,domain_balanced_clipped,outer_final,1248,0.0288461538461538,218.21908772151087,0.1748550382383901
post_hoc_extension_float32_v4,compound_equal,inner,936,0.0,770.6964287878241,0.823393620499812
post_hoc_extension_float32_v4,domain_balanced_clipped,inner,936,0.0256410256410256,178.88469386302714,0.1911161259220375
post_hoc_extension_float32_v4,compound_equal,inner,936,0.0,781.4299337300674,0.834861040309901
post_hoc_extension_float32_v4,domain_balanced_clipped,inner,936,0.0288461538461538,177.2923699630911,0.1894149251742426
post_hoc_extension_float32_v4,compound_equal,inner,936,0.0,783.7995284692597,0.837392658621004
post_hoc_extension_float32_v4,domain_balanced_clipped,inner,936,0.0267094017094017,172.48443454756583,0.1842782420379976
post_hoc_extension_float32_v4,compound_equal,inner,936,0.0,779.7211479086094,0.833035414432275
post_hoc_extension_float32_v4,domain_balanced_clipped,inner,936,0.0416666666666666,156.57578917822514,0.1672818260451123
post_hoc_extension_float32_v4,compound_equal,outer_final,1248,0.0,1038.5258553689878,0.8321521276995094
post_hoc_extension_float32_v4,domain_balanced_clipped,outer_final,1248,0.0248397435897435,217.3780358675413,0.1741811184836068
post_hoc_extension_float32_v4,compound_equal,inner,936,0.0,796.8670956290212,0.8513537346463901
post_hoc_extension_float32_v4,domain_balanced_clipped,inner,936,0.032051282051282,171.2159696335977,0.1829230444803394
post_hoc_extension_float32_v4,compound_equal,inner,936,0.0,792.6813397129187,0.8468817731975626
post_hoc_extension_float32_v4,domain_balanced_clipped,inner,936,0.0427350427350427,158.9279389142413,0.169794806532309
post_hoc_extension_float32_v4,compound_equal,inner,936,0.0,791.4764807505378,0.8455945307163866
post_hoc_extension_float32_v4,domain_balanced_clipped,inner,936,0.0363247863247863,163.46759325823254,0.1746448645921287
post_hoc_extension_float32_v4,compound_equal,inner,936,0.0,792.4744329821631,0.8466607189980375
post_hoc_extension_float32_v4,domain_balanced_clipped,inner,936,0.0288461538461538,179.67697860025538,0.1919625839746318
post_hoc_extension_float32_v4,compound_equal,outer_final,1248,0.0,1057.7999067554483,0.8475960791309683
post_hoc_extension_float32_v4,domain_balanced_clipped,outer_final,1248,0.03125,214.87755817453083,0.1721775305885663
post_hoc_extension_float32_v4,compound_equal,inner,936,0.0,793.2683592532844,0.8475089308261585
post_hoc_extension_float32_v4,domain_balanced_clipped,inner,936,0.0309829059829059,168.85130945953009,0.1803966981405236
post_hoc_extension_float32_v4,compound_equal,inner,936,0.0,770.0784695147588,0.822733407601238
post_hoc_extension_float32_v4,domain_balanced_clipped,inner,936,0.0341880341880341,166.08408864793418,0.1774402656495023
post_hoc_extension_float32_v4,compound_equal,inner,936,0.0,790.7966339749598,0.8448681986911964
post_hoc_extension_float32_v4,domain_balanced_clipped,inner,936,0.0331196581196581,167.3671360258321,0.1788110427626411
post_hoc_extension_float32_v4,compound_equal,inner,936,0.0,781.384784233883,0.8348128036686784
post_hoc_extension_float32_v4,domain_balanced_clipped,inner,936,0.032051282051282,163.7527342421357,0.1749495023954441
post_hoc_extension_float32_v4,compound_equal,outer_final,1248,0.0,1045.150430964385,0.8374602812214621
post_hoc_extension_float32_v4,domain_balanced_clipped,outer_final,1248,0.0288461538461538,208.110201199676,0.1667549689099967
post_hoc_extension_float32_v4,compound_equal,inner,936,0.0,783.3013089900066,0.8368603728525712
post_hoc_extension_float32_v4,domain_balanced_clipped,inner,936,0.032051282051282,178.74465560216993,0.1909665123954806
post_hoc_extension_float32_v4,compound_equal,inner,936,0.0,795.5211649796869,0.8499157745509476
post_hoc_extension_float32_v4,domain_balanced_clipped,inner,936,0.0309829059829059,175.49251751613323,0.1874920058933047
post_hoc_extension_float32_v4,compound_equal,inner,936,0.0,793.3410423721815,0.8475865837309632
post_hoc_extension_float32_v4,domain_balanced_clipped,inner,936,0.032051282051282,168.0429161523873,0.1795330300773368
post_hoc_extension_float32_v4,compound_equal,inner,936,0.0,786.2882034432598,0.8400514994051921
post_hoc_extension_float32_v4,domain_balanced_clipped,inner,936,0.032051282051282,177.28762751710332,0.1894098584584437
post_hoc_extension_float32_v4,compound_equal,outer_final,1248,0.0,1052.7883750622912,0.8435804287358102
post_hoc_extension_float32_v4,domain_balanced_clipped,outer_final,1248,0.0256410256410256,226.17501633082816,0.1812299810343174
post_hoc_extension_float32_v4,compound_equal,inner,936,0.0,778.9033667724597,0.8321617166372433
post_hoc_extension_float32_v4,domain_balanced_clipped,inner,936,0.0352564102564102,164.685950565399,0.1759465283818365
post_hoc_extension_float32_v4,compound_equal,inner,936,0.0,786.0281633635561,0.8397736788072181
post_hoc_extension_float32_v4,domain_balanced_clipped,inner,936,0.0256410256410256,183.317600446974,0.1958521372296731
post_hoc_extension_float32_v4,compound_equal,inner,936,0.0,786.7590992019608,0.840554593164488
post_hoc_extension_float32_v4,domain_balanced_clipped,inner,936,0.0331196581196581,170.40536943711308,0.1820570186293943
post_hoc_extension_float32_v4,compound_equal,inner,936,0.0,787.5576499213956,0.8414077456425167
post_hoc_extension_float32_v4,domain_balanced_clipped,inner,936,0.0256410256410256,179.48119380865842,0.1917534121887376
post_hoc_extension_float32_v4,compound_equal,outer_final,1248,0.0,1046.4053584718429,0.8384658321088485
post_hoc_extension_float32_v4,domain_balanced_clipped,outer_final,1248,0.0264423076923076,218.6134496689236,0.1751710333885605
post_hoc_extension_float32_v4,compound_equal,inner,936,0.0,767.0107241977817,0.8194559019207069
post_hoc_extension_float32_v4,domain_balanced_clipped,inner,936,0.0331196581196581,163.1689977725945,0.1743258523211479
post_hoc_extension_float32_v4,compound_equal,inner,936,0.0,782.5633835541258,0.8360719909766302
post_hoc_extension_float32_v4,domain_balanced_clipped,inner,936,0.0363247863247863,159.71247570885575,0.1706329868684356
post_hoc_extension_float32_v4,compound_equal,inner,936,0.0,765.2106736138877,0.8175327709550082
post_hoc_extension_float32_v4,domain_balanced_clipped,inner,936,0.0341880341880341,168.555714119096,0.1800808911528803
post_hoc_extension_float32_v4,compound_equal,inner,936,0.0,802.321499988237,0.8571810897310224
post_hoc_extension_float32_v4,domain_balanced_clipped,inner,936,0.0352564102564102,163.4298069873189,0.1746044946445714
post_hoc_extension_float32_v4,compound_equal,outer_final,1248,0.0,1038.9392812125311,0.8324833984074769
post_hoc_extension_float32_v4,domain_balanced_clipped,outer_final,1248,0.0288461538461538,208.38005864183052,0.1669712008348001
post_hoc_extension_float32_v4,compound_equal,inner,936,0.0,781.9328187042198,0.8353983105814314
post_hoc_extension_float32_v4,domain_balanced_clipped,inner,936,0.0331196581196581,162.53666991380857,0.1736502883694536
post_hoc_extension_float32_v4,compound_equal,inner,936,0.0,779.8556250233363,0.8331790865633935
post_hoc_extension_float32_v4,domain_balanced_clipped,inner,936,0.0416666666666666,155.2101091823131,0.1658227662204199
post_hoc_extension_float32_v4,compound_equal,inner,936,0.0,799.9985270518553,0.854699281038307
post_hoc_extension_float32_v4,domain_balanced_clipped,inner,936,0.0245726495726495,171.1023853159547,0.1828016937136268
post_hoc_extension_float32_v4,compound_equal,inner,936,0.0,791.7590626287999,0.8458964344324785
post_hoc_extension_float32_v4,domain_balanced_clipped,inner,936,0.0299145299145299,174.6016070819382,0.1865401785063442
post_hoc_extension_float32_v4,compound_equal,outer_final,1248,0.0,1051.0855292850397,0.842215968978397
post_hoc_extension_float32_v4,domain_balanced_clipped,outer_final,1248,0.0264423076923076,210.88109361537596,0.1689752352687307
post_hoc_extension_float32_v4,compound_equal,inner,936,0.0,768.7068306878758,0.8212679815041408
post_hoc_extension_float32_v4,domain_balanced_clipped,inner,936,0.0373931623931623,174.15376286887982,0.1860617124667519
post_hoc_extension_float32_v4,compound_equal,inner,936,0.0,789.0130675544074,0.842962679011119
post_hoc_extension_float32_v4,domain_balanced_clipped,inner,936,0.0438034188034188,160.5168861869856,0.1714923997724205
post_hoc_extension_float32_v4,compound_equal,inner,936,0.0,784.8103900327229,0.8384726389238493
post_hoc_extension_float32_v4,domain_balanced_clipped,inner,936,0.0224358974358974,194.3717808302444,0.2076621590066713
post_hoc_extension_float32_v4,compound_equal,inner,936,0.0,800.8298575375113,0.8555874546340932
post_hoc_extension_float32_v4,domain_balanced_clipped,inner,936,0.0299145299145299,174.87036121867402,0.1868273089943098
post_hoc_extension_float32_v4,compound_equal,outer_final,1248,0.0,1047.655257037159,0.8394673533951592
post_hoc_extension_float32_v4,domain_balanced_clipped,outer_final,1248,0.0288461538461538,223.2175368549104,0.1788602058132295
post_hoc_extension_float32_v4,compound_equal,inner,936,0.0,777.2134783289779,0.8303562802660021
post_hoc_extension_float32_v4,domain_balanced_clipped,inner,936,0.0288461538461538,177.49371454388609,0.1896300369058612
post_hoc_extension_float32_v4,compound_equal,inner,936,0.0,777.6124858675421,0.8307825703713057
post_hoc_extension_float32_v4,domain_balanced_clipped,inner,936,0.0235042735042735,188.38797380460773,0.2012692027827005
post_hoc_extension_float32_v4,compound_equal,inner,936,0.0,792.3817784990771,0.8465617291656806
post_hoc_extension_float32_v4,domain_balanced_clipped,inner,936,0.0309829059829059,171.29045820608937,0.183002626288557
post_hoc_extension_float32_v4,compound_equal,inner,936,0.0,776.2538830487831,0.8293310716333153
post_hoc_extension_float32_v4,domain_balanced_clipped,inner,936,0.0277777777777777,175.87036016350837,0.1878956839353721
post_hoc_extension_float32_v4,compound_equal,outer_final,1248,0.0,1041.0905703817396,0.8342071878058811
post_hoc_extension_float32_v4,domain_balanced_clipped,outer_final,1248,0.0216346153846153,231.5998694867056,0.1855768184989628
post_hoc_extension_float32_v4,compound_equal,inner,936,0.0,779.8328068510756,0.8331547081742261
post_hoc_extension_float32_v4,domain_balanced_clipped,inner,936,0.0341880341880341,163.55140499063165,0.1747344070412731
post_hoc_extension_float32_v4,compound_equal,inner,936,0.0,796.5649361419804,0.851030914681603
post_hoc_extension_float32_v4,domain_balanced_clipped,inner,936,0.0267094017094017,183.60288022124809,0.1961569233132992
post_hoc_extension_float32_v4,compound_equal,inner,936,0.0,775.9493061617407,0.8290056689762186
post_hoc_extension_float32_v4,domain_balanced_clipped,inner,936,0.032051282051282,170.6256537563879,0.182292365124346
post_hoc_extension_float32_v4,compound_equal,inner,936,0.0,775.1177901769875,0.8281172971976362
post_hoc_extension_float32_v4,domain_balanced_clipped,inner,936,0.0395299145299145,168.1250704775761,0.1796208017922821
post_hoc_extension_float32_v4,compound_equal,outer_final,1248,0.0,1042.443326773088,0.8352911272220257
post_hoc_extension_float32_v4,domain_balanced_clipped,outer_final,1248,0.0264423076923076,221.7915035555741,0.1777175509259408
post_hoc_extension_float32_v4,compound_equal,inner,936,0.0,792.1529457175037,0.8463172496981878
post_hoc_extension_float32_v4,domain_balanced_clipped,inner,936,0.0309829059829059,174.94146423640933,0.1869032737568475
post_hoc_extension_float32_v4,compound_equal,inner,936,0.0,776.4026879104351,0.8294900511863623
post_hoc_extension_float32_v4,domain_balanced_clipped,inner,936,0.0224358974358974,184.65089784563924,0.197276600262435
post_hoc_extension_float32_v4,compound_equal,inner,936,0.0,797.6002232350482,0.8521369906357353
post_hoc_extension_float32_v4,domain_balanced_clipped,inner,936,0.0245726495726495,186.0941591194929,0.1988185460678343
post_hoc_extension_float32_v4,compound_equal,inner,936,0.0,779.6067790039856,0.8329132254316085
post_hoc_extension_float32_v4,domain_balanced_clipped,inner,936,0.0341880341880341,166.90919452385657,0.1783217890212143
post_hoc_extension_float32_v4,compound_equal,outer_final,1248,0.0,1048.5765804366845,0.8402055932986254
post_hoc_extension_float32_v4,domain_balanced_clipped,outer_final,1248,0.0232371794871794,230.35607448339684,0.1845801878873372
post_hoc_extension_float32_v4,compound_equal,inner,936,0.0,802.0743470415041,0.8569170374375044
post_hoc_extension_float32_v4,domain_balanced_clipped,inner,936,0.0277777777777777,168.51802369010466,0.1800406236005391
post_hoc_extension_float32_v4,compound_equal,inner,936,0.0,791.7373077617541,0.845873192053156
post_hoc_extension_float32_v4,domain_balanced_clipped,inner,936,0.0384615384615384,158.03594518468486,0.1688418217785094
post_hoc_extension_float32_v4,compound_equal,inner,936,0.0,780.594465322856,0.8339684458577521
post_hoc_extension_float32_v4,domain_balanced_clipped,inner,936,0.0309829059829059,175.7720690863902,0.1877906721008442
post_hoc_extension_float32_v4,compound_equal,inner,936,0.0,788.6612815062254,0.8425868392160527
post_hoc_extension_float32_v4,domain_balanced_clipped,inner,936,0.0277777777777777,175.90226681702205,0.1879297722404082
post_hoc_extension_float32_v4,compound_equal,outer_final,1248,0.0,1054.2799309893792,0.8447755857286692
post_hoc_extension_float32_v4,domain_balanced_clipped,outer_final,1248,0.0264423076923076,216.741089155734,0.1736707445158125
post_hoc_extension_float32_v4,compound_equal,inner,936,0.0,794.8923993850262,0.8492440164369939
post_hoc_extension_float32_v4,domain_balanced_clipped,inner,936,0.0395299145299145,162.21756245093556,0.1733093615928798
post_hoc_extension_float32_v4,compound_equal,inner,936,0.0,783.605549962094,0.8371854166261687
post_hoc_extension_float32_v4,domain_balanced_clipped,inner,936,0.0363247863247863,163.12796358914966,0.1742820123815701
post_hoc_extension_float32_v4,compound_equal,inner,936,0.0,792.7964812327015,0.8470047876417751
post_hoc_extension_float32_v4,domain_balanced_clipped,inner,936,0.0288461538461538,172.25208280974465,0.1840300030018639
post_hoc_extension_float32_v4,compound_equal,inner,936,0.0,780.2320905475484,0.8335812933200304
post_hoc_extension_float32_v4,domain_balanced_clipped,inner,936,0.032051282051282,176.80507655451603,0.1888943125582436
post_hoc_extension_float32_v4,compound_equal,outer_final,1248,0.0,1050.4881473974792,0.841737297594134
post_hoc_extension_float32_v4,domain_balanced_clipped,outer_final,1248,0.0304487179487179,212.6868117938237,0.1704221248347946
post_hoc_extension_float32_v4,compound_equal,inner,936,0.0,789.9421257431803,0.8439552625461328
post_hoc_extension_float32_v4,domain_balanced_clipped,inner,936,0.0427350427350427,153.2198474165436,0.1636964181800679
post_hoc_extension_float32_v4,compound_equal,inner,936,0.0,784.3120423510786,0.8379402161870498
post_hoc_extension_float32_v4,domain_balanced_clipped,inner,936,0.0288461538461538,185.5775904567029,0.1982666564708364
post_hoc_extension_float32_v4,compound_equal,inner,936,0.0,784.4741121095421,0.8381133676383997
post_hoc_extension_float32_v4,domain_balanced_clipped,inner,936,0.0416666666666666,163.29515256216706,0.1744606330792383
post_hoc_extension_float32_v4,compound_equal,inner,936,0.0,780.1264033130802,0.8334683796079917
post_hoc_extension_float32_v4,domain_balanced_clipped,inner,936,0.0384615384615384,164.5587819979705,0.1758106645277462
post_hoc_extension_float32_v4,compound_equal,outer_final,1248,0.0,1046.2247348196956,0.8383211016183458
post_hoc_extension_float32_v4,domain_balanced_clipped,outer_final,1248,0.0304487179487179,216.31663868950176,0.1733306399755623
post_hoc_extension_float32_v4,compound_equal,inner,936,0.0,769.0871944913866,0.8216743530890883
post_hoc_extension_float32_v4,domain_balanced_clipped,inner,936,0.0363247863247863,166.8844923037646,0.1782953977604322
post_hoc_extension_float32_v4,compound_equal,inner,936,0.0,775.7144259398618,0.8287547285682284
post_hoc_extension_float32_v4,domain_balanced_clipped,inner,936,0.0309829059829059,176.81122714588486,0.1889008837028684
post_hoc_extension_float32_v4,compound_equal,inner,936,0.0,801.6765457610525,0.8564920360695005
post_hoc_extension_float32_v4,domain_balanced_clipped,inner,936,0.0256410256410256,181.58034848548567,0.1939960988092795
post_hoc_extension_float32_v4,compound_equal,inner,936,0.0,783.4095245667036,0.8369759877849398
post_hoc_extension_float32_v4,domain_balanced_clipped,inner,936,0.0256410256410256,179.64516674714878,0.191928596952082
post_hoc_extension_float32_v4,compound_equal,outer_final,1248,0.0,1043.2335140892803,0.8359242901356413
post_hoc_extension_float32_v4,domain_balanced_clipped,outer_final,1248,0.0232371794871794,226.31467721746927,0.1813418887960491
post_hoc_extension_float32_v4,compound_equal,inner,936,0.0,791.416245561736,0.8455301768821966
post_hoc_extension_float32_v4,domain_balanced_clipped,inner,936,0.032051282051282,166.2978687002462,0.1776686631412886
post_hoc_extension_float32_v4,compound_equal,inner,936,0.0,798.4063111061853,0.8529981956262663
post_hoc_extension_float32_v4,domain_balanced_clipped,inner,936,0.0341880341880341,174.96518507151134,0.1869286165293924
post_hoc_extension_float32_v4,compound_equal,inner,936,0.0,791.3284129851826,0.8454363386593831
post_hoc_extension_float32_v4,domain_balanced_clipped,inner,936,0.0309829059829059,178.26654576950014,0.190455711292201
post_hoc_extension_float32_v4,compound_equal,inner,936,0.0,786.9616378642976,0.8407709806242496
post_hoc_extension_float32_v4,domain_balanced_clipped,inner,936,0.0331196581196581,168.709256029174,0.1802449316551004
post_hoc_extension_float32_v4,compound_equal,outer_final,1248,0.0,1056.0101986882253,0.8461620181796677
post_hoc_extension_float32_v4,domain_balanced_clipped,outer_final,1248,0.0248397435897435,224.43320597552452,0.1798342996598754
post_hoc_extension_float32_v4,compound_equal,inner,936,0.0,775.0740951485614,0.8280706144749587
post_hoc_extension_float32_v4,domain_balanced_clipped,inner,936,0.0288461538461538,166.69249540971688,0.1780902728736291
post_hoc_extension_float32_v4,compound_equal,inner,936,0.0,794.1749048200269,0.8484774624145587
post_hoc_extension_float32_v4,domain_balanced_clipped,inner,936,0.0331196581196581,170.87559343703643,0.1825593946976885
post_hoc_extension_float32_v4,compound_equal,inner,936,0.0,783.3157498725739,0.8368758011459122
post_hoc_extension_float32_v4,domain_balanced_clipped,inner,936,0.0309829059829059,166.00202044804345,0.1773525859487643
post_hoc_extension_float32_v4,compound_equal,inner,936,0.0,787.2567715804574,0.8410862944235656
post_hoc_extension_float32_v4,domain_balanced_clipped,inner,936,0.0299145299145299,174.74451005883935,0.1866928526269651
post_hoc_extension_float32_v4,compound_equal,outer_final,1248,0.0,1046.5977028979994,0.8386199542451919
post_hoc_extension_float32_v4,domain_balanced_clipped,outer_final,1248,0.0272435897435897,214.4782495296803,0.1718575717385259
post_hoc_extension_float32_v4,compound_equal,inner,936,0.0,780.5840232714257,0.8339572898198993
post_hoc_extension_float32_v4,domain_balanced_clipped,inner,936,0.0288461538461538,177.14177643848242,0.1892540346564983
post_hoc_extension_float32_v4,compound_equal,inner,936,0.0,791.217229752976,0.8453175531548889
post_hoc_extension_float32_v4,domain_balanced_clipped,inner,936,0.0363247863247863,162.22681112016224,0.173319242649746
post_hoc_extension_float32_v4,compound_equal,inner,936,0.0,780.9271071802295,0.8343238324575102
post_hoc_extension_float32_v4,domain_balanced_clipped,inner,936,0.0384615384615384,161.67378273031096,0.1727284003528963
post_hoc_extension_float32_v4,compound_equal,inner,936,0.0,781.6626753335614,0.8351096958691896
post_hoc_extension_float32_v4,domain_balanced_clipped,inner,936,0.0384615384615384,165.16135971361166,0.176454444138474
post_hoc_extension_float32_v4,compound_equal,outer_final,1248,0.0,1044.7340586728783,0.8371266495776268
post_hoc_extension_float32_v4,domain_balanced_clipped,outer_final,1248,0.0304487179487179,211.70929240725616,0.1696388560955578
