protocol,heldout_group,model_id,param_id,n_train_rows,n_train_unique_smiles,n_train_scaffolds,n_test_rows,n_test_unique_smiles,n_test_scaffolds,spearman,pearson,rmse,mae,r2,calibration_intercept,calibration_slope,rdkit_kept,rdkit_total,rdkit_train_missing,rdkit_eval_missing,context_dim,chemistry_dim,full_dim,permutation_n_strata,permutation_n_singleton_strata,permutation_singleton_row_fraction,permutation_changed_label_fraction,permutation_label_pearson
source_ood,MGTbind,global_mean,global,528,468,280,755,664,394,,,1.0639669165343797,0.835258424282074,-0.0781993865966796,,,187,217,0,0,163,2235,2398,,,,,
source_ood,MGTbind,hierarchical_context_mean,smoothing_2,528,468,280,755,664,394,-0.0781415435628745,-0.0131184235215187,1.0732146963359463,0.8458485007286072,-0.0970238447189331,7.76369305314713,-0.0736695937469295,187,217,0,0,163,2235,2398,,,,,
source_ood,MGTbind,context_ridge,alpha_0.1,528,468,280,755,664,394,0.1080814217549512,0.0526683740317821,1.301419625563351,0.959773600101471,-0.6131603717803955,6.659233697232764,0.0726754758422127,187,217,0,0,163,2235,2398,,,,,
source_ood,MGTbind,context_extra_trees,leaf_1_maxfeat_sqrt,528,468,280,755,664,394,0.0758575041598273,0.0280713587999343,1.054771985096366,0.8352495431900024,-0.0596439838409423,5.882329058051917,0.179224374251753,187,217,0,0,163,2235,2398,,,,,
source_ood,MGTbind,morgan_knn,k_3_power_1,528,468,280,755,664,394,0.1424238663329796,0.1721772402524948,1.0748936423095667,0.8540107011795044,-0.1004588603973388,4.7750757691186605,0.3330428616208675,187,217,0,0,163,2235,2398,,,,,
source_ood,MGTbind,chemistry_extra_trees,leaf_5_maxfeat_0p3,528,468,280,755,664,394,0.0842988304229794,0.0763577744364738,1.0716492595910148,0.8963826894760132,-0.0938258171081543,5.749078970221479,0.206437493531245,187,217,0,0,163,2235,2398,,,,,
source_ood,MGTbind,full_context_extra_trees,leaf_5_maxfeat_0p3,528,468,280,755,664,394,0.1237568595345418,0.1217645704746246,1.0391471656207445,0.860268235206604,-0.0284826755523681,4.5349702237103084,0.373440195580355,187,217,0,0,163,2235,2398,,,,,
source_ood,MGTbind,full_context_label_shuffle,shuffle::leaf_5_maxfeat_0p3,528,468,280,755,664,394,-0.024296068204224,-0.0480877459049224,1.0571095101425,0.8751888275146484,-0.0643458366394043,8.876652094097096,-0.2298391560043324,187,217,0,0,163,2235,2398,44.0,18.0,0.034090909090909,0.8901515151515151,0.3532551792569828
source_ood,MGDB,global_mean,global,1119,797,471,357,340,205,,,0.7653282524659089,0.5751423835754395,-0.0518555641174316,,,194,217,0,0,249,2242,2491,,,,,
source_ood,MGDB,hierarchical_context_mean,smoothing_8,1119,797,471,357,340,205,-0.2855451026824183,-0.2710395753383636,0.8099052003439409,0.5892323851585388,-0.1779556274414062,16.261285196900932,-1.2015533242368814,194,217,0,0,249,2242,2491,,,,,
source_ood,MGDB,context_ridge,alpha_1,1119,797,471,357,340,205,-0.2530655942673199,-0.2423422187566757,0.865074263455297,0.6123234033584595,-0.3439013957977295,12.612966342372726,-0.6860183611602602,194,217,0,0,249,2242,2491,,,,,
source_ood,MGDB,context_extra_trees,leaf_1_maxfeat_sqrt,1119,797,471,357,340,205,-0.099395954140455,-0.2982959449291229,0.8133228976591206,0.5618895888328552,-0.1879183053970337,19.099579852739087,-1.5465954529760226,194,217,0,0,249,2242,2491,,,,,
source_ood,MGDB,morgan_knn,k_5_power_1,1119,797,471,357,340,205,-0.0112629336499882,-0.0009508654475212,0.8756914131850893,0.6539373397827148,-0.3770914077758789,7.425976697795813,-0.0015508780102135,194,217,0,0,249,2242,2491,,,,,
source_ood,MGDB,chemistry_extra_trees,leaf_1_maxfeat_sqrt,1119,797,471,357,340,205,-0.0215325558815411,0.0842484235763549,0.7767828062782914,0.5805209875106812,-0.0835770368576049,5.652721908988584,0.2410689756619785,194,217,0,0,249,2242,2491,,,,,
source_ood,MGDB,full_context_extra_trees,leaf_1_maxfeat_sqrt,1119,797,471,357,340,205,-0.0076010060719665,0.0607711300253868,0.7767610138848018,0.5759050846099854,-0.083516240119934,6.098499981560384,0.1792738236864205,194,217,0,0,249,2242,2491,,,,,
source_ood,MGDB,full_context_label_shuffle,shuffle::leaf_1_maxfeat_sqrt,1119,797,471,357,340,205,-0.091530670068998,-0.0365891084074974,0.8170516825732933,0.6164671182632446,-0.1988357305526733,8.165192199804812,-0.103535472801935,194,217,0,0,249,2242,2491,64.0,20.0,0.0178731009830205,0.9302949061662198,0.2985093018894799
source_ood,MolGlueDB,global_mean,global,1022,885,539,289,247,144,,,1.0868966237440325,0.8963454365730286,-0.0056428909301757,,,192,217,0,0,178,2240,2418,,,,,
source_ood,MolGlueDB,hierarchical_context_mean,smoothing_2,1022,885,539,289,247,144,-0.0801898090297031,-0.0361764952540397,1.123889374878743,0.9296619296073914,-0.0752623081207275,8.54272797454996,-0.1616690799346478,192,217,0,0,178,2240,2418,,,,,
source_ood,MolGlueDB,context_ridge,alpha_0.1,1022,885,539,289,247,144,0.0770800085054229,0.1113287359476089,1.470865795364425,1.1384494304656982,-0.8416767120361328,6.186121610863966,0.1462821271319084,192,217,0,0,178,2240,2418,,,,,
source_ood,MolGlueDB,context_extra_trees,leaf_1_maxfeat_sqrt,1022,885,539,289,247,144,0.1711129293804729,0.2189110070466995,1.068192268427452,0.8470928072929382,0.0286715030670166,2.857798829669816,0.612072759337355,192,217,0,0,178,2240,2418,,,,,
source_ood,MolGlueDB,morgan_knn,k_5_power_1,1022,885,539,289,247,144,0.4002350707121553,0.3925057351589203,1.056654952933992,0.835831344127655,0.0495404005050659,2.389794163134828,0.7044920011284097,192,217,0,0,178,2240,2418,,,,,
source_ood,MolGlueDB,chemistry_extra_trees,leaf_5_maxfeat_0p3,1022,885,539,289,247,144,0.3026402636730352,0.2936365604400635,1.0958535266267904,0.874411940574646,-0.0222858190536499,3.2511573684001664,0.5802441421714133,192,217,0,0,178,2240,2418,,,,,
source_ood,MolGlueDB,full_context_extra_trees,leaf_1_maxfeat_sqrt,1022,885,539,289,247,144,0.3467562563144961,0.3442338705062866,1.057975673064146,0.8401629328727722,0.0471629500389099,1.9628787723600427,0.7609342671204227,192,217,0,0,178,2240,2418,,,,,
source_ood,MolGlueDB,full_context_label_shuffle,shuffle::leaf_1_maxfeat_sqrt,1022,885,539,289,247,144,0.3188502139789209,0.3114024102687835,1.0305128641931245,0.815399169921875,0.0959881544113159,-0.1735873484775527,1.0281231991129502,192,217,0,0,178,2240,2418,44.0,18.0,0.0176125244618395,0.9344422700587084,0.2119311032562614
source_ood,TPDdb,global_mean,global,1360,1019,621,119,118,58,,,1.1300306693278377,0.8774504661560059,-0.0018712282180786,,,196,217,0,0,317,2244,2561,,,,,
source_ood,TPDdb,hierarchical_context_mean,smoothing_8,1360,1019,621,119,118,58,-0.673232478848164,-0.5203532576560974,1.2300377953932995,0.9822944402694702,-0.187048077583313,31.60035423118069,-3.332344439328228,196,217,0,0,317,2244,2561,,,,,
source_ood,TPDdb,context_ridge,alpha_0.1,1360,1019,621,119,118,58,0.736129623327213,0.6161221265792847,1.0795688635738436,0.7556264996528625,0.0856086611747741,-3.369600864139171,1.353989193509063,196,217,0,0,317,2244,2561,,,,,
source_ood,TPDdb,context_extra_trees,leaf_1_maxfeat_0p3,1360,1019,621,119,118,58,-0.4525330272575957,-0.1392289251089096,1.186845950654516,0.9144264459609984,-0.1051472425460815,13.76568816748891,-0.8651694266094939,196,217,0,0,317,2244,2561,,,,,
source_ood,TPDdb,morgan_knn,k_3_power_1,1360,1019,621,119,118,58,-0.0911186088638282,-0.0734699890017509,1.3465534950534228,1.0798133611679075,-0.4225863218307495,8.200411329782737,-0.1270801107212616,196,217,0,0,317,2244,2561,,,,,
source_ood,TPDdb,chemistry_extra_trees,leaf_5_maxfeat_sqrt,1360,1019,621,119,118,58,0.5833842771911114,0.5267469882965088,1.0061927613274173,0.7705727815628052,0.2056830525398254,-7.549695514694456,2.032019097208416,196,217,0,0,317,2244,2561,,,,,
source_ood,TPDdb,full_context_extra_trees,leaf_1_maxfeat_sqrt,1360,1019,621,119,118,58,0.1402329646561212,0.291401207447052,1.0828870563243245,0.8696694374084473,0.0799790024757385,0.471043409460085,0.9453185803035992,196,217,0,0,317,2244,2561,,,,,
source_ood,TPDdb,full_context_label_shuffle,shuffle::leaf_1_maxfeat_sqrt,1360,1019,621,119,118,58,-0.2678848926802371,-0.1182465553283691,1.2032310637254708,0.9536920785903932,-0.1358722448348999,10.66921584531308,-0.4584178479677565,196,217,0,0,317,2244,2561,86.0,32.0,0.0235294117647058,0.9198529411764704,0.3105455800961732
target_ood,VAV1,global_mean,global,1105,733,437,455,404,230,,,1.0400335034145738,0.8005596399307251,-0.0194426774978637,,,194,217,0,0,342,2242,2584,,,,,
target_ood,VAV1,hierarchical_context_mean,smoothing_2,1105,733,437,455,404,230,,,1.0400335034145738,0.8005596399307251,-0.0194426774978637,,,194,217,0,0,342,2242,2584,,,,,
target_ood,VAV1,context_ridge,alpha_1,1105,733,437,455,404,230,-0.2355196450541052,-0.2336674034595489,1.0682978359540078,0.7983461022377014,-0.075605034828186,104.65348776850958,-13.0336370318332,194,217,0,0,342,2242,2584,,,,,
target_ood,VAV1,context_extra_trees,leaf_1_maxfeat_0p3,1105,733,437,455,404,230,0.2355196450541052,0.2336674034595489,1.201080864660652,0.840610921382904,-0.3596047163009643,-20.699265024802397,3.5553733821767817,194,217,0,0,342,2242,2584,,,,,
target_ood,VAV1,morgan_knn,k_5_power_2,1105,733,437,455,404,230,-0.0553084584990324,-0.1054017469286918,1.206773008109438,0.9911783933639526,-0.3725219964981079,8.882093747687904,-0.2424304174728943,194,217,0,0,342,2242,2584,,,,,
target_ood,VAV1,chemistry_extra_trees,leaf_5_maxfeat_sqrt,1105,733,437,455,404,230,0.1760553719250652,0.1510289013385772,1.019573634644152,0.7976278066635132,0.0202724337577819,-0.1524876934359229,1.013859751871362,194,217,0,0,342,2242,2584,,,,,
target_ood,VAV1,full_context_extra_trees,leaf_5_maxfeat_sqrt,1105,733,437,455,404,230,0.1929472804960975,0.1617572158575058,1.0217199692089545,0.7878427505493164,0.0161431431770324,-1.3333386963813814,1.1686777511568929,194,217,0,0,342,2242,2584,,,,,
target_ood,VAV1,full_context_label_shuffle,shuffle::leaf_5_maxfeat_sqrt,1105,733,437,455,404,230,-0.0124135116998962,-0.0206842310726642,1.0553299818999844,0.7979857325553894,-0.0496504306793212,10.186856839665197,-0.4007761835484099,194,217,0,0,342,2242,2584,96.0,36.0,0.0325791855203619,0.8895927601809954,0.437300760550934
target_ood,CSNK1A1,global_mean,global,1270,998,603,159,139,68,,,1.0706691287021508,0.930258333683014,-0.0668942928314209,,,194,217,0,0,319,2242,2561,,,,,
target_ood,CSNK1A1,hierarchical_context_mean,smoothing_2,1270,998,603,159,139,68,,,1.0706691287021508,0.930258333683014,-0.0668942928314209,,,194,217,0,0,319,2242,2561,,,,,
target_ood,CSNK1A1,context_ridge,alpha_10,1270,998,603,159,139,68,-0.2890820779677205,-0.4579614996910095,1.1363433532638618,0.9372336864471436,-0.2017937898635864,26.744973896767743,-2.529729778021199,194,217,0,0,319,2242,2561,,,,,
target_ood,CSNK1A1,context_extra_trees,leaf_5_maxfeat_sqrt,1270,998,603,159,139,68,-0.3347066432699304,-0.4353989064693451,1.0693767940432617,0.900646448135376,-0.0643203258514404,55.43780347012487,-6.358271922371139,194,217,0,0,319,2242,2561,,,,,
target_ood,CSNK1A1,morgan_knn,k_5_power_2,1270,998,603,159,139,68,0.0112423423447194,-0.008267767727375,1.4189403557477516,1.2190160751342771,-0.873868465423584,7.629888896075007,-0.0139758458503555,194,217,0,0,319,2242,2561,,,,,
target_ood,CSNK1A1,chemistry_extra_trees,leaf_1_maxfeat_sqrt,1270,998,603,159,139,68,0.1365754089687529,0.1612617522478103,1.0775615491347894,0.9327977895736694,-0.0806747674942016,3.699324756727694,0.530485265276727,194,217,0,0,319,2242,2561,,,,,
target_ood,CSNK1A1,full_context_extra_trees,leaf_1_maxfeat_sqrt,1270,998,603,159,139,68,0.1215916894527569,0.1353183090686798,1.0964527523752323,0.9550753235816956,-0.1188983917236328,4.017533364980639,0.4899024344386339,194,217,0,0,319,2242,2561,,,,,
target_ood,CSNK1A1,full_context_label_shuffle,shuffle::leaf_1_maxfeat_sqrt,1270,998,603,159,139,68,-0.1173343502876474,-0.1450745314359665,1.090801788691896,0.9322252869606018,-0.1073948144912719,12.746539126297847,-0.6975662205078726,194,217,0,0,319,2242,2561,86.0,32.0,0.0251968503937007,0.9212598425196852,0.3339352756655921
target_ood,GSPT1,global_mean,global,1357,1031,596,154,106,74,,,1.1731558348678668,0.9512718319892884,-0.0044960975646972,,,195,217,0,0,309,2243,2552,,,,,
target_ood,GSPT1,hierarchical_context_mean,smoothing_2,1357,1031,596,154,106,74,,,1.1731558348678668,0.9512718319892884,-0.0044960975646972,,,195,217,0,0,309,2243,2552,,,,,
target_ood,GSPT1,context_ridge,alpha_10,1357,1031,596,154,106,74,-0.4580185764019832,-0.3641925752162933,1.2806403873053491,1.071617603302002,-0.1969919204711914,20.304302326286475,-1.744100252824089,195,217,0,0,309,2243,2552,,,,,
target_ood,GSPT1,context_extra_trees,leaf_1_maxfeat_sqrt,1357,1031,596,154,106,74,0.0035551140439202,0.0471609532833099,1.1966901830702013,0.9757981896400452,-0.0452021360397338,4.53687088889411,0.3726271037149831,195,217,0,0,309,2243,2552,,,,,
target_ood,GSPT1,morgan_knn,k_1_power_1,1357,1031,596,154,106,74,0.0488397932716842,0.1513850688934326,1.3673810549374508,1.1403694152832031,-0.3646332025527954,5.926904154835542,0.2013198076469358,195,217,0,0,309,2243,2552,,,,,
target_ood,GSPT1,chemistry_extra_trees,leaf_1_maxfeat_sqrt,1357,1031,596,154,106,74,0.2150641861872378,0.1784296929836273,1.1536902884822604,0.9564192891120912,0.028561532497406,-0.7663039861590302,1.1135342371760035,195,217,0,0,309,2243,2552,,,,,
target_ood,GSPT1,full_context_extra_trees,leaf_1_maxfeat_sqrt,1357,1031,596,154,106,74,-0.1857716058935181,-0.1589218080043792,1.2076796484521557,1.0030291080474854,-0.0644868612289428,15.793530636649592,-1.1490341071476615,195,217,0,0,309,2243,2552,,,,,
target_ood,GSPT1,full_context_label_shuffle,shuffle::leaf_1_maxfeat_sqrt,1357,1031,596,154,106,74,-0.086976748309869,-0.0746810436248779,1.2024156535301636,1.0028940439224243,-0.0552273988723754,10.904135696917288,-0.4728798601959794,195,217,0,0,309,2243,2552,86.0,30.0,0.0221075902726602,0.9233603537214444,0.3120630129225683
target_ood,WIZ,global_mean,global,1409,1014,620,150,123,47,,,0.5312778241220018,0.4204083085060119,-0.1005089282989502,,,196,217,0,0,332,2244,2576,,,,,
target_ood,WIZ,hierarchical_context_mean,smoothing_2,1409,1014,620,150,123,47,,,0.5312778241220018,0.4204083085060119,-0.1005089282989502,,,196,217,0,0,332,2244,2576,,,,,
target_ood,WIZ,context_ridge,alpha_10,1409,1014,620,150,123,47,-0.1323788367689178,-0.2181541919708252,0.5223857504675687,0.3967823386192322,-0.0639784336090087,23.87976251409894,-2.186844579043101,196,217,0,0,332,2244,2576,,,,,
target_ood,WIZ,context_extra_trees,leaf_1_maxfeat_sqrt,1409,1014,620,150,123,47,-0.0154830646732893,-0.0737636461853981,0.5725997886562058,0.4319920837879181,-0.2783582210540771,16.406803675799956,-1.1594786258919978,196,217,0,0,332,2244,2576,,,,,
target_ood,WIZ,morgan_knn,k_5_power_1,1409,1014,620,150,123,47,-0.1471425523327408,-0.2169753760099411,0.813756777710237,0.6382972002029419,-1.581900119781494,9.094520012155686,-0.2144635771242836,196,217,0,0,332,2244,2576,,,,,
target_ood,WIZ,chemistry_extra_trees,leaf_10_maxfeat_0p3,1409,1014,620,150,123,47,0.0050631853527195,0.0138108022511005,0.5664242182545282,0.4593243300914764,-0.2509323358535766,7.2352994581014896,0.0293960318929272,196,217,0,0,332,2244,2576,,,,,
target_ood,WIZ,full_context_extra_trees,leaf_1_maxfeat_sqrt,1409,1014,620,150,123,47,0.1694228471572585,0.2222990840673446,0.5095353757521037,0.4087640941143036,-0.0122759342193603,-2.151179581252688,1.3100494414986037,196,217,0,0,332,2244,2576,,,,,
target_ood,WIZ,full_context_label_shuffle,shuffle::leaf_1_maxfeat_sqrt,1409,1014,620,150,123,47,-0.1461098480500585,-0.0356967374682426,0.5280245589501567,0.4222260117530823,-0.0870723724365234,8.760579818841142,-0.1768616496733136,196,217,0,0,332,2244,2576,93.0,35.0,0.0248403122782115,0.9190915542938254,0.2630966329244513
target_ood,CDK2,global_mean,global,1415,992,565,145,145,102,,,0.5423780287908389,0.432421863079071,-0.1352821588516235,,,195,217,0,0,344,2243,2587,,,,,
target_ood,CDK2,hierarchical_context_mean,smoothing_2,1415,992,565,145,145,102,,,0.5423780287908389,0.432421863079071,-0.1352821588516235,,,195,217,0,0,344,2243,2587,,,,,
target_ood,CDK2,context_ridge,alpha_1,1415,992,565,145,145,102,,,0.6342142145634233,0.4820514619350433,-0.5522855520248413,,,195,217,0,0,344,2243,2587,,,,,
target_ood,CDK2,context_extra_trees,leaf_1_maxfeat_sqrt,1415,992,565,145,145,102,,,0.5941860705770061,0.4484417140483856,-0.3625252246856689,,,195,217,0,0,344,2243,2587,,,,,
target_ood,CDK2,morgan_knn,k_3_power_1,1415,992,565,145,145,102,-0.0010933887877009,-0.0045776180922985,0.609478208164819,0.4588901996612549,-0.4335604906082153,7.534036754801107,-0.0070120162262619,195,217,0,0,344,2243,2587,,,,,
target_ood,CDK2,chemistry_extra_trees,leaf_1_maxfeat_sqrt,1415,992,565,145,145,102,-0.0364767904050361,-0.0819344893097877,0.5260803630180423,0.4076277911663055,-0.0680800676345825,11.818447630577731,-0.5736211707240507,195,217,0,0,344,2243,2587,,,,,
target_ood,CDK2,full_context_extra_trees,leaf_1_maxfeat_sqrt,1415,992,565,145,145,102,-0.2259266075116436,-0.2339812815189361,0.549075006636736,0.4255987703800201,-0.163490891456604,17.00856023593194,-1.2560008893486323,195,217,0,0,344,2243,2587,,,,,
target_ood,CDK2,full_context_label_shuffle,shuffle::leaf_1_maxfeat_sqrt,1415,992,565,145,145,102,-0.1219758461342006,-0.1493535339832306,0.526539988277089,0.4113419651985168,-0.0699472427368164,15.79350792175683,-1.1030912604801344,195,217,0,0,344,2243,2587,97.0,36.0,0.0254416961130742,0.914487632508834,0.3394516499998755
target_ood,CCNK+CDK12,global_mean,global,1472,1063,614,86,73,52,,,1.090688945130791,0.9376080632209778,-1.0947322845458984,,,195,217,0,0,339,2243,2582,,,,,
target_ood,CCNK+CDK12,hierarchical_context_mean,smoothing_2,1472,1063,614,86,73,52,,,1.090688945130791,0.9376080632209778,-1.0947322845458984,,,195,217,0,0,339,2243,2582,,,,,
target_ood,CCNK+CDK12,context_ridge,alpha_0.1,1472,1063,614,86,73,52,-0.0583232677587886,-0.1481570750474929,1.2640982473102491,1.1036372184753418,-1.8137683868408203,15.22894030058135,-1.1447404364533469,195,217,0,0,339,2243,2582,,,,,
target_ood,CCNK+CDK12,context_extra_trees,leaf_1_maxfeat_0p3,1472,1063,614,86,73,52,0.0583232677587886,0.1761814206838607,1.3934652063182211,1.238780856132507,-2.419156312942505,-49.84376621035142,7.28708841705779,195,217,0,0,339,2243,2582,,,,,
target_ood,CCNK+CDK12,morgan_knn,k_3_power_2,1472,1063,614,86,73,52,0.2022482959761723,0.1930693536996841,0.9989931581146436,0.7788652181625366,-0.7573235034942627,4.802111964515843,0.2494224772641868,195,217,0,0,339,2243,2582,,,,,
target_ood,CCNK+CDK12,chemistry_extra_trees,leaf_1_maxfeat_sqrt,1472,1063,614,86,73,52,0.3039800307735974,0.2886874675750732,0.8000069945744869,0.6575308442115784,-0.1269749402999878,-0.4771237894603018,1.0190298428166342,195,217,0,0,339,2243,2582,,,,,
target_ood,CCNK+CDK12,full_context_extra_trees,leaf_1_maxfeat_sqrt,1472,1063,614,86,73,52,0.3348982500583158,0.3034650683403015,0.8188424152895785,0.6783896684646606,-0.1806668043136596,-2.2514720723251336,1.2674510562073336,195,217,0,0,339,2243,2582,,,,,
target_ood,CCNK+CDK12,full_context_label_shuffle,shuffle::leaf_1_maxfeat_sqrt,1472,1063,614,86,73,52,0.0976038839218973,0.1084291040897369,0.9030299364368128,0.7495985627174377,-0.4359223842620849,3.5612109660969504,0.4258227078636438,195,217,0,0,339,2243,2582,93.0,33.0,0.0224184782608695,0.9184782608695652,0.270748259700828
target_ood,IKZF2,global_mean,global,1369,1072,635,76,65,32,,,1.0179941567963366,0.8510218262672424,-1.2343127727508545,,,196,217,0,0,315,2244,2559,,,,,
target_ood,IKZF2,hierarchical_context_mean,smoothing_2,1369,1072,635,76,65,32,,,1.0179941567963366,0.8510218262672424,-1.2343127727508545,,,196,217,0,0,315,2244,2559,,,,,
target_ood,IKZF2,context_ridge,alpha_0.1,1369,1072,635,76,65,32,0.2618967883444053,0.1537514328956604,0.9547376591418508,0.7908810377120972,-0.9652667045593262,5.449091356255589,0.3480177729408432,196,217,0,0,315,2244,2559,,,,,
target_ood,IKZF2,context_extra_trees,leaf_1_maxfeat_sqrt,1369,1072,635,76,65,32,-0.0802808499996343,-0.120354875922203,0.9339553579611648,0.7159345746040344,-0.8806397914886475,10.518502813923028,-0.3362195748787227,196,217,0,0,315,2244,2559,,,,,
target_ood,IKZF2,morgan_knn,k_5_power_1,1369,1072,635,76,65,32,-0.0319830444807985,0.0094274934381246,0.9963706435765276,0.8133329749107361,-1.1404016017913818,7.886185135849629,0.0169955033391698,196,217,0,0,315,2244,2559,,,,,
target_ood,IKZF2,chemistry_extra_trees,leaf_1_maxfeat_sqrt,1369,1072,635,76,65,32,-0.0509065551334854,0.1104883700609207,0.9285011415551584,0.7430939078330994,-0.8587384223937988,4.89933791227817,0.4214698224310521,196,217,0,0,315,2244,2559,,,,,
target_ood,IKZF2,full_context_extra_trees,leaf_1_maxfeat_sqrt,1369,1072,635,76,65,32,-0.1566300489692439,-0.0112115480005741,0.9575753981084684,0.7726374268531799,-0.9769666194915771,8.355590983081482,-0.0467176270774828,196,217,0,0,315,2244,2559,,,,,
target_ood,IKZF2,full_context_label_shuffle,shuffle::leaf_1_maxfeat_sqrt,1369,1072,635,76,65,32,-0.0947218033570986,-0.0053771431557834,0.9005584229448426,0.7224100232124329,-0.7485464811325073,8.23659979961772,-0.0302426847438035,196,217,0,0,315,2244,2559,83.0,29.0,0.0211833455076698,0.9130752373995618,0.303982935448978
target_ood,IKZF1,global_mean,global,1392,1077,643,65,60,34,,,0.8003422720188976,0.6507685780525208,-0.0045878887176513,,,196,217,0,0,324,2244,2568,,,,,
target_ood,IKZF1,hierarchical_context_mean,smoothing_2,1392,1077,643,65,60,34,,,0.8003422720188976,0.6507685780525208,-0.0045878887176513,,,196,217,0,0,324,2244,2568,,,,,
target_ood,IKZF1,context_ridge,alpha_0.1,1392,1077,643,65,60,34,0.2315853739548106,0.0557140298187732,0.800436811105946,0.6574673652648926,-0.0048252344131469,4.432638283307497,0.3872219272208872,196,217,0,0,324,2244,2568,,,,,
target_ood,IKZF1,context_extra_trees,leaf_1_maxfeat_sqrt,1392,1077,643,65,60,34,-0.3049181461700247,0.0262136682868003,0.9038730229474956,0.7223792672157288,-0.2813012599945068,5.754833933544841,0.1940094580085238,196,217,0,0,324,2244,2568,,,,,
target_ood,IKZF1,morgan_knn,k_5_power_1,1392,1077,643,65,60,34,-0.0136285643125321,-0.0006463266909122,1.099240934125046,0.9013208746910096,-0.8950566053390503,7.245001293522951,-0.0006870602790456,196,217,0,0,324,2244,2568,,,,,
target_ood,IKZF1,chemistry_extra_trees,leaf_1_maxfeat_sqrt,1392,1077,643,65,60,34,0.1907889712942054,0.165272831916809,0.9571624043182833,0.775946855545044,-0.4368375539779663,5.827308751054288,0.1952333004918437,196,217,0,0,324,2244,2568,,,,,
target_ood,IKZF1,full_context_extra_trees,leaf_1_maxfeat_sqrt,1392,1077,643,65,60,34,0.1629218413893152,0.1507755666971206,0.928723452510806,0.7536479234695435,-0.3527240753173828,5.792187268260699,0.198472105177127,196,217,0,0,324,2244,2568,,,,,
target_ood,IKZF1,full_context_label_shuffle,shuffle::leaf_1_maxfeat_sqrt,1392,1077,643,65,60,34,-0.0690243057562996,-0.2209056615829467,0.9813522978020052,0.7759417295455933,-0.5103802680969238,12.101493659554537,-0.6372616894505541,196,217,0,0,324,2244,2568,87.0,32.0,0.0229885057471264,0.923132183908046,0.3049328013355332
