record_type,protocol,model_id,cluster_unit,n_clusters,n_domains,n_bootstrap,domain_macro_spearman_observed,domain_macro_spearman_bootstrap_mean,domain_macro_spearman_ci_low,domain_macro_spearman_ci_high,domain_macro_spearman_n_valid,domain_macro_rmse_observed,domain_macro_rmse_bootstrap_mean,domain_macro_rmse_ci_low,domain_macro_rmse_ci_high,domain_macro_rmse_n_valid,pooled_spearman_observed,pooled_spearman_bootstrap_mean,pooled_spearman_ci_low,pooled_spearman_ci_high,pooled_spearman_n_valid,pooled_rmse_observed,pooled_rmse_bootstrap_mean,pooled_rmse_ci_low,pooled_rmse_ci_high,pooled_rmse_n_valid,contrast_id,first_model,comparator_model,delta_direction,delta_domain_macro_spearman_observed,delta_domain_macro_spearman_bootstrap_mean,delta_domain_macro_spearman_ci_low,delta_domain_macro_spearman_ci_high,delta_domain_macro_spearman_n_valid,delta_domain_macro_rmse_observed,delta_domain_macro_rmse_bootstrap_mean,delta_domain_macro_rmse_ci_low,delta_domain_macro_rmse_ci_high,delta_domain_macro_rmse_n_valid,delta_pooled_spearman_observed,delta_pooled_spearman_bootstrap_mean,delta_pooled_spearman_ci_low,delta_pooled_spearman_ci_high,delta_pooled_spearman_n_valid,delta_pooled_rmse_observed,delta_pooled_rmse_bootstrap_mean,delta_pooled_rmse_ci_low,delta_pooled_rmse_ci_high,delta_pooled_rmse_n_valid
model,source_ood,global_mean,global scaffold_id,667,4,10000,,,,,0.0,1.0115556083686166,1.00827094964276,0.9312377334328332,1.08542972228455,10000.0,-0.063894678077835,-0.0625370609665432,-0.1236648201580169,0.0016875874939921,10000.0,1.0121472139540153,1.0107895235457711,0.9392687794212824,1.0852896155558671,10000.0,,,,,,,,,,,,,,,,,,,,,,,,
model,source_ood,hierarchical_context_mean,global scaffold_id,667,4,10000,-0.27927723353079,-0.2700075396598738,-0.3533232187184049,-0.1799585767838229,10000.0,1.0592617526633954,1.056428234274604,0.9810602306479256,1.1321920688797291,10000.0,-0.1415382894353804,-0.1412554598201379,-0.2326325226121246,-0.0456825766638242,10000.0,1.0415272548893706,1.040276430190639,0.9671919329850596,1.1146875318477354,10000.0,,,,,,,,,,,,,,,,,,,,,,,,
model,source_ood,context_ridge,global scaffold_id,667,4,10000,0.1670563648300668,0.1583267224050676,0.0587739557011516,0.2630640809993682,10000.0,1.1792321257943588,1.1726922887220643,1.0544235554368973,1.2820259615887533,10000.0,0.0796429788764939,0.0776931541359478,-0.023791074731879,0.1916893755524676,10000.0,1.232729947975323,1.2317851188741529,1.1374617962268625,1.3281093860079354,10000.0,,,,,,,,,,,,,,,,,,,,,,,,
model,source_ood,context_extra_trees,global scaffold_id,667,4,10000,-0.0762396369644376,-0.0687807559273695,-0.1894871171553079,0.0614688894497095,10000.0,1.0307832551785343,1.0263634475906076,0.935257297880897,1.1142485831627826,10000.0,-0.014602558520281,-0.0174274977765917,-0.141388484670059,0.1238971466982243,10000.0,1.017448711237272,1.0165111124095627,0.9439228300783474,1.0915900874467337,10000.0,,,,,,,,,,,,,,,,,,,,,,,,
model,source_ood,morgan_knn,global scaffold_id,667,4,10000,0.1100693486328296,0.1122630308433159,0.015162954934111,0.2099314167325768,10000.0,1.0884483841325072,1.0853063237771037,1.0074469851458665,1.163124864186445,10000.0,0.1395683627518744,0.1375759581007547,0.0321605450148053,0.2527408621071018,10000.0,1.052731489341272,1.0516862085283702,0.9826004459423407,1.1247624764151776,10000.0,,,,,,,,,,,,,,,,,,,,,,,,
model,source_ood,chemistry_extra_trees,global scaffold_id,667,4,10000,0.2371977038513962,0.2217258467509975,0.1306803128102086,0.3006070231584007,10000.0,0.9876196256866216,0.9849855022688097,0.9174835968339524,1.0525231436194893,10000.0,0.155152518136542,0.1528107381445935,0.0596583655531392,0.2446595657471987,10000.0,1.00982483189439,1.009359324381757,0.9499081835954662,1.0688159214578246,10000.0,,,,,,,,,,,,,,,,,,,,,,,,
model,source_ood,full_context_extra_trees,global scaffold_id,667,4,10000,0.1507862686082981,0.1439298383477026,0.032867610031626,0.244313242444629,10000.0,0.9891927114025668,0.9870636508755446,0.9239017355283972,1.0482743242388772,10000.0,0.1578432936460824,0.1550155752742626,0.0637435727285326,0.2421518174602495,10000.0,0.9913089400140794,0.9909317064522688,0.9358781195368494,1.045361506508525,10000.0,,,,,,,,,,,,,,,,,,,,,,,,
model,source_ood,full_context_label_shuffle,global scaffold_id,667,4,10000,-0.0162153542436345,-0.01195989201766,-0.0987166188514954,0.0764932494191799,10000.0,1.026976260896811,1.0237607792281385,0.9477710279620118,1.098118678559723,10000.0,0.0281066866408023,0.0267284045304473,-0.0481723082098611,0.1039427479947629,10000.0,1.0134655854322687,1.012684699826105,0.9478087483412088,1.077782516243367,10000.0,,,,,,,,,,,,,,,,,,,,,,,,
contrast,source_ood,,global scaffold_id,667,4,10000,,,,,,,,,,,,,,,,,,,,,full_vs_context_ridge,full_context_extra_trees,context_ridge,delta_spearman=first-comparator; delta_rmse=comparator-first; positive favors first,-0.0162700962217686,-0.014396884057365,-0.1642890064346899,0.1238067104867083,10000.0,0.1900394143917918,0.1856286378465197,0.0838394614808382,0.2788801236418077,10000.0,0.0782003147695885,0.0773224211383147,-0.0487713415488584,0.1988081339790629,10000.0,0.2414210079612438,0.2408534124218841,0.1646743995043977,0.3178824148544607,10000.0
contrast,source_ood,,global scaffold_id,667,4,10000,,,,,,,,,,,,,,,,,,,,,full_vs_context_extra_trees_matched,full_context_extra_trees,context_extra_trees,delta_spearman=first-comparator; delta_rmse=comparator-first; positive favors first,0.2270259055727357,0.2127105942750721,0.0532592909647835,0.3396554496544627,10000.0,0.0415905437759676,0.0392997967150629,-0.0243080022700794,0.0995300146273053,10000.0,0.1724458521663635,0.1724430730508543,0.0496975153219148,0.2816033329993478,10000.0,0.0261397712231924,0.0255794059572938,-0.0192848433718235,0.0704528463828592,10000.0
contrast,source_ood,,global scaffold_id,667,4,10000,,,,,,,,,,,,,,,,,,,,,chemistry_extra_trees_vs_morgan_knn,chemistry_extra_trees,morgan_knn,delta_spearman=first-comparator; delta_rmse=comparator-first; positive favors first,0.1271283552185666,0.1094628159076816,0.003615883781093,0.2062547322940741,10000.0,0.1008287584458855,0.1003208215082938,0.0497938464076884,0.1530294028923199,10000.0,0.0155841553846675,0.0152347800438388,-0.1193540262988591,0.1373129052595785,10000.0,0.0429066574468819,0.0423268841466134,-0.0170042149664646,0.0983965836224649,10000.0
contrast,source_ood,,global scaffold_id,667,4,10000,,,,,,,,,,,,,,,,,,,,,full_vs_chemistry_extra_trees,full_context_extra_trees,chemistry_extra_trees,delta_spearman=first-comparator; delta_rmse=comparator-first; positive favors first,-0.086411435243098,-0.0777960084032949,-0.1507022750045792,-0.0111829352685125,10000.0,-0.0015730857159452,-0.0020781486067349,-0.0324516250089852,0.0254378927202499,10000.0,0.0026907755095404,0.002204837129669,-0.0494291992978124,0.0551709409218224,10000.0,0.0185158918803106,0.0184276179294877,-0.007200350457309,0.0447043976953504,10000.0
contrast,source_ood,,global scaffold_id,667,4,10000,,,,,,,,,,,,,,,,,,,,,full_vs_label_shuffle_sanity_control,full_context_extra_trees,full_context_label_shuffle,delta_spearman=first-comparator; delta_rmse=comparator-first; positive favors first,0.1670016228519327,0.1558897303653627,0.0474507764462141,0.2480847761982529,10000.0,0.037783549494244,0.0366971283525938,-0.0104567267426079,0.0827175138804573,10000.0,0.1297366070052801,0.1282871707438152,0.0380940914537501,0.2153845217304564,10000.0,0.0221566454181892,0.021752993373836,-0.0153090236017564,0.0561049361187783,10000.0
model,target_ood,global_mean,global scaffold_id,601,8,10000,,,,,0.0,0.9083174624489035,0.90372191756037,0.8540074582741387,0.9510233429377556,10000.0,-0.2300187267039526,-0.2271742174170592,-0.338494909253813,-0.1094892271195017,10000.0,0.9620998869426208,0.9607306939969872,0.8928179485082463,1.0300933794378402,10000.0,,,,,,,,,,,,,,,,,,,,,,,,
model,target_ood,hierarchical_context_mean,global scaffold_id,601,8,10000,,,,,0.0,0.9083174624489035,0.90372191756037,0.8540074582741387,0.9510233429377556,10000.0,-0.2300187267039526,-0.2271742174170592,-0.338494909253813,-0.1094892271195017,10000.0,0.9620998869426208,0.9607306939969872,0.8928179485082463,1.0300933794378402,10000.0,,,,,,,,,,,,,,,,,,,,,,,,
model,target_ood,context_ridge,global scaffold_id,601,8,10000,,,,,0.0,0.9576442838827012,0.9536575602528208,0.8997208737676249,1.0090972667896076,10000.0,-0.1839211684182934,-0.1849065395505402,-0.2912179965343751,-0.0718741576618365,10000.0,1.0133806424072538,1.0120003326352909,0.935016246924224,1.0887578910430524,10000.0,,,,,,,,,,,,,,,,,,,,,,,,
model,target_ood,context_extra_trees,global scaffold_id,601,8,10000,,,,,0.0,0.9831534265245224,0.9755822398091296,0.9194361897208064,1.0283800434641366,10000.0,-0.083492298555694,-0.0825722439554358,-0.1929630612066136,0.0297708257721598,10000.0,1.0585594863059764,1.0562675570139688,0.9645095952987656,1.1517756732899331,10000.0,,,,,,,,,,,,,,,,,,,,,,,,
model,target_ood,morgan_knn,global scaffold_id,601,8,10000,0.0016468028974713,0.0029322021653099,-0.1020991233434782,0.1139502453090821,10000.0,1.063866779028033,1.0590707426116217,0.9993274256563136,1.1178212379247268,10000.0,0.0190867278347399,0.016568953376727,-0.1039710044092609,0.1344797055367046,10000.0,1.1356433957789498,1.1344492844417289,1.0609762321990404,1.2140834140412888,10000.0,,,,,,,,,,,,,,,,,,,,,,,,
model,target_ood,chemistry_extra_trees,global scaffold_id,601,8,10000,0.1175179761203821,0.1177353346590826,0.0190121503958255,0.2172466001084502,10000.0,0.8786250732025195,0.8735855041840925,0.8218272619768258,0.9237990548770104,10000.0,0.1823815205119482,0.1781753101773922,0.0546703746672791,0.2929923046487555,10000.0,0.9363252423579072,0.9352847994686704,0.8708028212367416,1.0007500705711467,10000.0,,,,,,,,,,,,,,,,,,,,,,,,
model,target_ood,full_context_extra_trees,global scaffold_id,601,8,10000,0.0516817057724172,0.0510254802455235,-0.0469258666105913,0.1542219076607978,10000.0,0.8862004940771482,0.8807614381214087,0.8294057822129987,0.9288735447975242,10000.0,0.1281932015927282,0.1240193514117951,-0.0060253878055093,0.2495666932514762,10000.0,0.9469712146547672,0.9458256043229246,0.8774373685441511,1.0146454224788115,10000.0,,,,,,,,,,,,,,,,,,,,,,,,
model,target_ood,full_context_label_shuffle,global scaffold_id,601,8,10000,-0.0688690662091466,-0.0670435170018986,-0.1460260843265743,0.0136248938730594,10000.0,0.8985065734823527,0.893240353844684,0.8384044499958423,0.9481377608500696,10000.0,0.0167921706865229,0.0147583353251314,-0.0881434507752764,0.1225401092733249,10000.0,0.9624618803194926,0.9609269382623268,0.8874191152052044,1.0362651505028833,10000.0,,,,,,,,,,,,,,,,,,,,,,,,
contrast,target_ood,,global scaffold_id,601,8,10000,,,,,,,,,,,,,,,,,,,,,full_vs_context_ridge,full_context_extra_trees,context_ridge,delta_spearman=first-comparator; delta_rmse=comparator-first; positive favors first,,,,,0.0,0.0714437898055531,0.0728961221314122,0.0322488788726569,0.1157852408974464,10000.0,0.3121143700110217,0.3089258909623354,0.1227671054216025,0.4795047059165748,10000.0,0.0664094277524866,0.0661747283123663,0.0266722697955855,0.1058447124621084,10000.0
contrast,target_ood,,global scaffold_id,601,8,10000,,,,,,,,,,,,,,,,,,,,,full_vs_context_extra_trees_matched,full_context_extra_trees,context_extra_trees,delta_spearman=first-comparator; delta_rmse=comparator-first; positive favors first,,,,,0.0,0.0969529324473741,0.0948208016877208,0.0605356906234317,0.1269068224496338,10000.0,0.2116855001484223,0.2065915953672309,0.0547202406268004,0.3590704616522774,10000.0,0.1115882716512092,0.1104419526910444,0.0595328098124833,0.1626556623978124,10000.0
contrast,target_ood,,global scaffold_id,601,8,10000,,,,,,,,,,,,,,,,,,,,,chemistry_extra_trees_vs_morgan_knn,chemistry_extra_trees,morgan_knn,delta_spearman=first-comparator; delta_rmse=comparator-first; positive favors first,0.1158711732229107,0.1148031324937726,0.0314553517521027,0.1971579696933312,10000.0,0.1852417058255134,0.1854852384275289,0.1452183727916822,0.2260256886522458,10000.0,0.1632947926772083,0.1616063568006652,0.0760954556377384,0.247767186851852,10000.0,0.1993181534210425,0.1991644849730581,0.1513095538150344,0.2464306936656673,10000.0
contrast,target_ood,,global scaffold_id,601,8,10000,,,,,,,,,,,,,,,,,,,,,full_vs_chemistry_extra_trees,full_context_extra_trees,chemistry_extra_trees,delta_spearman=first-comparator; delta_rmse=comparator-first; positive favors first,-0.0658362703479648,-0.066709854413559,-0.1305521734918931,-0.0049616295979097,10000.0,-0.0075754208746287,-0.0071759339373161,-0.0175695913082693,0.0029270343544936,10000.0,-0.05418831891922,-0.0541559587655971,-0.0950315317353714,-0.0119092552738671,10000.0,-0.0106459722968599,-0.0105408048542542,-0.0181252775813609,-0.0022428081956042,10000.0
contrast,target_ood,,global scaffold_id,601,8,10000,,,,,,,,,,,,,,,,,,,,,full_vs_label_shuffle_sanity_control,full_context_extra_trees,full_context_label_shuffle,delta_spearman=first-comparator; delta_rmse=comparator-first; positive favors first,0.1205507719815639,0.1180689972474222,0.0088862370106985,0.2383042846387073,10000.0,0.0123060794052045,0.0124789157232754,-0.0093142030676629,0.0367007012409766,10000.0,0.1114010309062053,0.1092610160866637,0.0245192517164427,0.1959060004715093,10000.0,0.0154906656647254,0.0151013339394019,-0.0067371847182331,0.0380318863125978,10000.0
